phrases	colors
Ol√°! Vcs t√™m aplicativo referente aos cursos?	6
Ol√°!	3
Ol√°	3
Ol√°!	3
Palestra REFLEX√ïES PARA PERCEBER A BELEZA	16
PALESTRA	2
s√£o paulo	17
Ol√°!	3
bom dia	0
Bom dia	0
Ol√°!	3
Amap√°	2
b dia	4
Ol√°!	3
gostaria de comprar o caibalion com vcs mas nao sei se vcs venden	12
livro	2
Ol√°!	3
Ol√°!	3
Ol√°!	3
Sou membro e quero o cancelamento da inscricao	12
Cancelamento da inscricao	16
Email	2
1 -	16
Ol√°!	3
bom dia	0
Ol√°!	3
S√£o Paulo	17
Obrigado	11
Boa noite! tudo bem? Por gentileza, gostaria de receber informa√ß√µes sobre o curso de Filosofia da Nova Acr√≥pole	1
Minas Gerais	13
RS	2
Ol√°! sou Maria Jose . Comprei um curso de filosofia online e n√£o recebi informa√ß√µes de como acessar . meu celular 41 999750161	1
Ol√°! Gostaria de informa√ß√£o sobre os curso de forma√ß√£o Nova Acr√≥pole. Tem op√ß√£o virtual, neste momento?	8
novaacropole.pdf	8
ok	7
Ol√°!	3
Ol√°!	3
SP	17
Distrito federal	13
üëçüèºüôèüèºüåø	5
üëçüèº‚ù§Ô∏èüåø	5
Conhecendo Plat√£o. Curso on line. J√° fiz minha inscri√ß√£o	6
Ol√°!	3
Amazonas	13
Manaus	13
Por favor qual a data da palestra ‚ÄúQual a minha miss√£o na vida?‚Äù Prof Lucia Helena.	14
Se vcs puderem por a data nos ajuda, grata	19
Ol√°!	3
Ol√°! Gostaria de participar do curso online de filosofia a maneira cl√°ssica	1
Desculpa. S√£o as palestras	16
Quero assistir as palestras	12
Ol√°!	3
Procuro livros	12
13 pe√ßa teatral   Helena  Blavatsky.	14
bahia	13
Valor do curso de filosofia?	1
Quando falamos com pessoas estamos falando com programa√ß√£o integente q chamamos deus	16
Ol√° divindade( inteligencia) querida o corpo n√£o.existe √© TD proje√ß√£o.mental! T√° TD na.mente! Nossa luta n√£o e.contra carne e sangue e contra a mente em observa-la pois a.memte √© um computador! Vivemos ( a imagem na.mente) a imagem nasce na mente TD vem da mente ( computador mental intelig√™ncia) n√£o existe terra planetas ets! TD e cria√ß√£o mental	16
Quando falamos com outras pessoas.elas s√≥.exiatem.na mente	16
TD e deus ( inteligencia)	16
Ol√°!gratidao  sempre .	3
O outro e deus na sua mente ! Quando vc t√° enfrente a imagem.conversando com ela( lembra q vc t√° conversando com deus ( inteligencia)	16
Ol√°!	3
Gostaria de saber o valor do curso?	6
Ol√°!quero assistir todos os cursos	6
S√£o Paulo	17
Cear√°	13
Boa noite.	0
Meu nome √© Andr√©a. 	9
A prof. L√∫cia H. Galv√£o, pode falar de Ad√£o e Eva?	14
Oi	3
Boa noite	0
Estava falando no Instagram	16
Boa noite.	0
A prof. L√∫cia H. Galv√£o, falar de Ad√£o e Eva.	14
Ol√°!	3
Sobre o curso	6
Muito obrigada!	11
Obrigada!	11
Maranh√£o	13
üëçüèª	5
Ol√°!Eu sou √âlida,td bem?	9
Poderia p.f me passar o link da Nova Acr√≥pole Brasil (em S√£o Paulo).	8
Obrigada!	11
Ol√°!	3
√© da Nova Acropole ?	8
üòä	5
Ol√°!	3
Rs	4
Ol√°!	3
Ola, boa noite! 	0
H√° alguma escola que esteja com o curso de filosofia no formato on line? Moro em campinas e aqui n√£o h√° seque previs√£o de novas turmas presenciais!	1
O pr√©dio tamb√©m? √â id√™ntico ao de Ponta Grossa-PR...	15
Ol√°!	3
Ol√°!	3
Ol√°!	3
Ol√°! Como se inscrever no curso de filosofia, via virtual?	1
S√£o Paulo	17
Paran√°	13
Muito Bom!!!	7
Me chamo Renata e estou apaixonada pelas palestras da Nova Acr√≥pole com a professora Luiza Helena Galv√£o	14
Uma amigo me disse, que existia a nova acr√≥pole aqui em Sinop	8
Como fazer inscri√ß√£o para curso de filosofia. Quais cursos est√£o dispon√≠veis. Tentei o	1
COMO VIVER O ESTOICISMO,mas n√£o est√° mais dispon√≠vel.	15
Ol√°!	3
Como eu fa√ßo para conhecer a mim mesmo???? Conhecer a si mesmo como fa√ßo?? Por Onde come√ßar??	15
Boa tarde! 	0
	4
O site de voc√™s divulga apenas cursos presenciais e aulas on-line enquanto n√£o for poss√≠vel atividades presenciais. 	6
	4
N√£o moro pr√≥ximo a uma sede de voc√™s. Mas eu tenho interesse em fazer um curso de Filosofia √† Maneira Cl√°ssica oferecido por essa escola. 	1
	4
Haveria a possibilidade de eu acompanhar a dist√¢ncia o curso de alguma turma de qualquer lugar do Brasil?	6
Ol√°! Gostaria de informa√ß√µes do curso de filosofia inicial . Estou em S√£o Jos√© do Rio preto	1
S√£o Paulo	17
S√£o Paulo	17
Ol√°! Gostaria de fazer um curso on LINE com vcs? Como posso fazer? As aulas ficam gravadas?	6
Ol√°!como faco para conhecer os cursos e adquirir os que est√£o dispon√≠veis ?	6
Ol√°!	3
S√£o Paulo	17
Rio de janeiro	13
Ol√°!	3
Ol√°!	3
Ol√°!	3
2 e 9	16
Ol√°!	3
*Online	2
Fiz minha matricula no curso de filosofia da Nova Acr√≥pole,  fiz o pagamento e n√£o consigo identificar o nome do curso. Mas queria fazer o curso de filosofia cl√°ssica. 	1
Pelo boleto voc√™ poderia identificar o curso?	6
Fiz o pagamento de um curso de filosofia, pelo an√∫ncio.	1
Ok. Obrigada.	11
S√£o gradua√ß√µes?	15
S√£o onlin	2
Quero muito	12
Entendi	4
Sim	10
Vc deve ser de Goi√°s...	13
Sim, 61...	10
Legal	2
Queria participar do grupo.  Boa noite.	12
Ol√°! Helena.	3
Preciso de informa√ß√µes sobre a princesa Isabel.	12
Pontos fortes sua virtude como   Princesa e mulher.	16
Queria saber qual √© o que est√° com inscri√ß√µes abertas, por favor.	6
Santa Catarina	13
Ol√° Ana, sou professor na UFRN. Atualmente tenho um grupo de pesquisa e inova√ß√£o em engenharia para o desenvolvimento sustent√°vel. Gostaria de saber se vcs t√™m algum palestrante na √°rea de sustentabilidade. Caso positivo, por favor me enviar maiores informa√ß√µes.	12
Blza	2
Te agrade√ßo	11
Oi Ana estou em Juiz de Fora MG	9
Gostaria de saber como fa√ßo para participar das aulas da Professora L√∫cia!	14
Meu nome √© Amanda.	9
Ol√°!	3
Ol√°!	3
Quero saber sobre o curso de orat√≥ria	6
Boa tarde	0
Ok	7
Ol√°!	3
Orat√≥ria	2
Ol√° Helena, sou professor na UFRN. Atualmente tenho um grupo de pesquisa e inova√ß√£o em engenharia para o desenvolvimento sustent√°vel. Gostaria de saber se vcs t√™m algum palestrante na √°rea de sustentabilidade. Caso positivo, por favor me enviar maiores informa√ß√µes.	12
Ol√°!	3
Goi√°s	13
Valores	2
Curso de filosofia	1
üëç	5
Distrito Federal	13
Bom dia	0
Ol√°!	3
Ol√°!	3
Ol√°!	3
Oi	3
Eu tamb√©m moro em Bras√≠lia	13
Ol√°!	3
Ol√°!	3
Boa noite, gostaria de informa√ß√µes sobre o curso  A sabedoria da √çndia Antiga, valor, √© poss√≠vel fazer o curso online?	6
Fiz matr√≠cula no curso de filosofia.	1
Como acessar?	15
Acesso ao curso de filosofia	1
Ol√°!	3
Quero acessar ao curso	6
Ol√°!	3
Nova acropole mais proxima de Santa Maria-RS	8
Ol√°!	3
Ol√°!	3
Oi Ana, boa tarde!	0
Quero fazer o curso on LINE, qual procedimento? N√£o acho link em nenhum local pr√≥ximo da minha cidade.	6
Ol√°!	3
Gostaria de saberse a cidade de Campos dos Goytacazes voltou a ter Nova Acr√≥pole	8
Ol√°!üåπü§ùüèº‚òéÔ∏èüëç	3
S√£o Paulo	17
Ol√°!	3
Ol√°! Tem Nova Acr√≥pole novamte em Campos dos Goytacazes?	8
Ol√°!	3
Boa tarde.	0
Quero fazer doa√ß√£o na declara√ß√£o. Posso conseguir aux√≠lio de algu√©m?	15
Ol√°! 1	3
Ok. Grato.	7
Desejo fazer doa√ß√£o direto na declara√ß√£o de imposto de renda.	12
Ol√°! Boa tarde!	3
Boa tarde! Quando ser√£o retomadas as aulas de Nei Kung na cidade do Rio de Janeiro?	6
Aulas de Nei Kung	6
Ol√°!	3
Quero saber,oq √© necess√°rio para fazer o curso de filosofia?	1
Boa tarde!	0
O que √© preciso para fazer o curs	6
Ok	7
Boa tarde	0
Nei Kung	2
Ol√°!	3
Ol√°!	3
Bom dia	0
Bahia	13
Ok	7
Bom dia	0
Mg	2
Ol√°! Bom dia	0
Ol√°!bom dia!	0
Ol√°!	3
T√° bom; Obrigado!	7
Preciso da sua ajuda sobre a evolu√ß√£o hist√≥rica da √©tica m√©dica!	12
Ol√°!	3
??	4
??	4
Ol√°!	3
Ol√°!	3
Sanderson Marques	2
Boa noite! Estou morando pr√≥ximo de voc√™s e gostaria de saber se h√° programa√ß√µes de curso livres. Obrigado. ATT David.	6
Vc √© minha musa, minha fada, meu anjo de Guarda. Muito agradecida. Pessoas como vc, ainda nos faz acreditar numa humanidade onde muitos chamam um genocida de mito. Mito √© voc√™ que se empenha de alma, intelecto e cora√ß√£o a distribuir p√©rolas!	16
Sou portugu√™s, comecei recentemente a ouvir as suas palestras e estou fascinado. Gostava obter orienta√ß√£o para tirar o melhor proveito da Nova Acr√≥pole	8
Ok!	7
Ol√°!	3
S√£o Paulo	17
Ol√°!	3
Ol√°!	3
Existe a possibilidade de fazer o curso via web?	6
E	4
Ol√°! Boa tarde!	3
Ol√°!	3
Ei, boa tarde!! üòä	0
2 - quero saber se consigo fazer on-line o curso de filosofia.	1
S√£o Paulo	17
Boa tarde	0
Sou a Luciana	9
Minas Gerais	13
Evolu√ß√£o hist√≥rica da √©tica na medicina e evolu√ß√£o hist√≥rica dos c√≥digos deontol√≥gico que regem a √©tica?	16
Sugestao;	2
- Montar  Uma FACULDADE/ONLINE .	16
Abel Ribeiro	2
11-947551462	16
Ol√°!	3
Ol√°! Helena Sou Abel Ribeiro /S√£o Paulo, 	9
Estou Assistindo os V√≠deos  no YouTube,  Estou Gostando, Assimilando  Muito as Aulas.	14
Tenho Uma Sugest√£o para Voc√™, Penso que Seria Um Sucesso  Daqui pra Frente;	12
- Montar  Uma FACULDADE/ONLINE com CURSO DE FILOSOFIA. 	1
Rever√™ncias, Muito Obrigado 	11
Abel Ribeiro	2
11-947551462	16
Ol√°!	3
Ol√°	3
As palestras gratuitas presenciais voltaram ?	6
Ol√°!	3
Sauda√ß√µes 	11
Boa tarde 	0
As palestras gratuitas e presenciais j√° retornaram com atividades normais ?	6
Aguardo resposta e muito obrigado	19
Ol√°! Quais s√£o os dias e hor√°rio das aulas?	6
Ol√° bom dia 	0
Fico muito feliz em encontrar esse caminho para conversar e obter algumas respostas. 	19
	4
Sou assistente ass√≠dua das palestras da Nova Acr√≥pole. 	8
	4
Por favor, se poss√≠vel,  gostaria de fazer duas perguntas:	12
	4
- estou lendo O Louco de Kalil Gibran e estou tendo dificuldades para entender nas entrelinhas como vcs costumam dizer.  Gostaria de saber se tem palestras sobre esse livro,  pois , achei s√≥ o do Profeta?	14
	4
- comecei a ler sobre Nietzsche e estou muito confusa. Poderiam me ajudar,  por favor. 	1
	4
Muito obrigada. 	11
	4
Bom domingo üòò	0
Ol√°!	3
Bom dia! Gostaria de fazer os cursos!	6
Ol√°! Me cadastrei no canal acropole play, fiz o pagamento, criei a senha mas n√£o co sigo acessar	19
Ol√°! Helena Sou Abel Ribeiro /S√£o Paulo, 	9
Estou Assistindo os V√≠deos  no YouTube,  Estou Gostando, Assimilando  Muito as Aulas.	14
Tenho Uma Sugest√£o para Voc√™, Penso que Seria Um Sucesso  Daqui pra Frente;	12
- Montar  Uma FACULDADE/ONLINE com CURSO DE FILOSOFIA. 	1
Rever√™ncias, Muito Obrigado 	11
Abel Ribeiro	2
11-947551462	16
Ol√°!	3
Bom dia!	0
Ol√°! Voc√™s t√™m previs√£o de oferecer o curso de filosofia √† dist√¢ncia? Moro no exterior... obrigada.	1
Bom dia	0
Ol√°! Gostaria de sugerir uma conversa com a Lucia Helena	14
Bom dia, como me inscrever nos cursos da prof L√∫cia Helena Galv√£o sobre Mahabharatta e Ramayana? Sou idosa e n√£o estou nas redes sociais.	14
9.	16
Bom dia, como me inscrever nos cursos da prof L√∫cia Helena Galv√£o sobre Mahabharatta e Ramayana? Sou idosa e n√£o estou nas redes sociais.	14
S√£o Paulo	17
8 E 9	16
Teresina- Pi	2
Ol√°!	3
Ol√°!	3
Estamos procurando um artista para ilustrar...e vamos publicar.	12
	4
Desculpa o horario √© que vi agora a palestra...e fiquei ansioso.	19
Vcs sao minha maior inspira√ß√£o	12
Ol√°! gostaria de mais detalhes sobre o curso avan√ßado de fotografia.	6
Curso avan√ßado de fotografia	6
Ol√°! Como fa√ßo para fazer parte?!	15
Ol√°!	3
Pois vou demorar um pouco ainda para publicar	19
Mas me desculpe usar esse canal de comunica√ß√£o para isso e tb pelo horario.	19
	4
Prometo que n√£o irei mais incomod√°-los	19
	4
Quanto ao meu pedido para citar a NA e a Fil√≥sofa LHG ...como inspira√ßao no meu livro...n√£o se preocupem em responder em caso negativo.	12
Muito grato,	11
E o silencio sera interpretado como n√£o autorizado	16
Fotografia	2
Ok eu quero so valor do curso	6
Ol√°! Boa noite valor do curso	6
Valor do curso	6
Menu	18
Ol√°!	3
Boa noite...eu escrevi um conto sobre isso tb....	12
O Pescador .pdf	2
Ol√°!	3
Existe grupo da Nova Acr√≥pole no Whatsapp?	8
Grupo Whatsapp	16
S√£o Paulo	17
11 Voluntariado em Nova Acr√≥pole	8
Eu gostaria de mandar um presente para ah professora L√∫cia Helena, t√™m algum endere√ßo para onde eu possa enviar?	14
Ol√°! Meu nome √© Roserene, tenho interesse em saber como poderia me integrar ao grupo de volunt√°rios.	12
Bahia	13
Ol√°!	3
Boa noite!	0
Gratid√£o pelo seu trabalho. üëèüèªüëèüèªüëèüèªüëèüèª	16
Ol√°!	3
Ol√°! Helena , boa noite !	0
Ol√°!	3
Card√°pio	2
Ol√°!	3
S√£o Paulo	17
Ol√°!	3
Ol√°!	3
Boa tarde	0
	4
Gostaria de saber sobre a gradua√ß√£o em filosofia  ??	1
	4
Valor , dura√ß√£o do curso....	6
S√£o Paulo	17
Ol√°!	3
Ol√°! Gostaria de saber sobre o curso de filosofia, valor e quando ter√° nova turma	1
Ol√°! Tem curso de filosofia online?	1
Ol√°!	3
Boa tarde	0
Santa Catarina	13
Ol√°!	3
Existem aulas ou palestras online?	6
Livro Cabalion	2
Cabalion	2
USA-SC	13
Ol√°!	3
Cear√°	13
Joia üíé	2
Ol√°! Tudo bem ?	3
Sou Sandrelli , presidente do Rotary Clube Estrada Real !	9
Aguardo	2
Muito obrigada!!	11
Entendo. S√≥  fico triste por n√£o  poder fazer. Enquanto  isso sigo a Maria Helena Galv√£o  e assisto todas as palestras dela. Ela √©  maravilhosa. Tenho estudado muito com ela. üòçüòçüòç	14
Muito obrigada,  vou  ver e participar. Pode  ter certeza. Gratid√£o pela grande ajuda.	19
Que bom e como a gente se escreve nesses cursos	6
Ol√°! H√° algum curso b√°sico  para iniciar em Belo Horizonte?	6
S√£o Paulo	17
Ol√°	3
Cursos Lucia H. Galv√£o.	14
Ol√°!	3
Cursos com a Prof.Lucia Helena Galv√£o	14
Rio de Janeiro	13
Ol√°!	3
Ol√°!	3
Tudo bem?	7
Ol√°	3
Boa tarde	0
Ol√°!	3
Rio de janeiro	13
Okk	4
Ol√°!	3
Curso online	6
Online	2
Gostaria de saber da programa√ß√£o de palestras da nova acr√≥pole em √Åguas claras	8
Gosto de aulas presenciais	6
Podcasts da nova acr√≥pole tb me interessa	8
Ol√°! 1	3
Ol√°! Helena....	3
Eu gostaria de saber se tem curso de filosofia on-line.  Moro na Regi√£o  dos Lagos RJ e fica muito longe da sede mais pr√≥xima  da Acr√≥pole (Niter√≥i). Fuca 120 km de Cabo Frio onde moro.	1
O Bailarino.pdf	2
Quero ser membro.	12
Esclare√ßo que n√£o tenho objetivos financeiros e nem sou escritor...sou s√≥ um capit√£o da reserva da Pol√≠cia Militar do Estado de S√£o Paulo....que se identificou com a Filosofia √† Maneira Classica !!!	12
Pois acompanho neu neto nas aulas  online e  estou sentindp na pele.	8
Ficou faltando a resposta 	16
Se tem alguma escola com curso de orat√≥ria ead aberto	6
nao, muito obrigado	10
Tenho acompanhado alguns videos e estou sentindo a necessidade  de me atualizar	19
Sou de Sao Paulo zona leste Vila Prudente	17
Bom dia.	0
Preciso saber se tem como fixar o site no meu not book para acessa-lo com frequ√™ncia.	15
No entanto, gostaria de saber se poderia colocar na nota do autor...que fui inspirado por suas palestras e citar o nome da Fil√≥sofa LHG como minha grande inspirado conforme dito acima.	12
Ol√°!	3
Encaminho o Texto üëá	16
filosofia para crian√ßas	1
Eu soube que h√° filosofia para crian√ßas a partir de 5 anos. Gostaria de mais informa√ß√µes.	1
Bom dia Ana!	0
Sim	10
Obrigada	11
Oi ana, bom dia	0
üëèüèΩ	5
A falta de instru√ß√µes  para que se tornem mais  interessantes.	16
Ol√°! Gostaria de saber o valor do curso a partir do n√≠vel 2	6
DF	13
Vc saberia me dizer que ano foi fundada a biblioteca Alexandria do CA do lago norte?	15
Sim eu sei dod cursos beneficientes ja ad quiri  o Mahabharata.	6
Ol√°! Bom dia. Gostaria de informa√ß√µes a respieto de cursos onlines oferecidos pela prof lucia Helena	6
*inspiradora*	2
	4
Muito grato pela aten√ßao !!!	11
Bom dia 	0
	4
Sou Luciano Araujo	9
	4
Tive contato com as palestras de Nova Acr√≥pole no Yoitube em 2017.	8
	4
Desde ent√£o sigo e canal e gostaria de dizer que est√° sendo muito bom para mim e por isso o recomendo a familiares e amigos.	19
	4
Todas as palestras e todos os Fil√≥sofos dessa douta instiui√ßao s√£o grandes mestres e muito nos tem ajudado a encontrar o caminho.	1
	4
Ap√≥s muito refletir no que a Fil√≥sofa Lucia Helena Galv√£o sempre diz: que n√≥s viemos ao mundo pra deixar nosso recado e inspirado por ela...escrevi esse pequeno texto, que trata da hist√≥ria de um menino que acreditava e conversava bastante com seu amigo imagin√°rio e isso o ajudou a passar e sibreviver a uma inf√¢ncia dif√≠cil e ver as coisas belas da vida.	16
	4
Pretendo publicar e inclusive pedi um or√ßamento pela Editora Kiron.	12
Obrigaod	2
Tudo bem Ana?	9
Gostaria de saber como funciona o curso de filosofia a maneira classica	1
Bom dia, Ana!!!	0
Livros?	2
Artigos?	2
V√≠deos?	15
Como fa√ßo isso?	15
Eu gostaria de conhecer melhor a Acr√≥pole	8
Voc√™s n√£o tem sede em Rondon√≥polis?	15
Ainda n√£o...	10
Sao Paulo	17
üò¢	5
Zona oeste	13
Mato Grasso	2
Ol√°!	3
Ol√°! Tenho acompanhado muitas palestras de  voc√™s pelo YouTube.  Gostaria de conhecer mais sobre esta escola	6
1 e 2	16
Ol√°!	3
Ol√°!	3
Ol√°	3
Ok	7
Anapolis	13
Goias	2
Ol√°!	3
Ol√°!	3
Rio de Janeiro	13
Ol√°! boa noite	0
Ol√°!	3
S√£o Paulo	17
obrigada	11
8 e 9	16
Ol√°! boa tarde, consulto se ha curso online?	6
Ol√°!	3
Cursos online  gom a Lucia Helena s√£o  esses que me passou acima?	14
Ola	4
Preciso falar a respeito da matr√≠cula	6
Ol√°!	3
Ol√°!	3
Encontrei um v√≠deo no YouTube que me agradou muito e gostaria de ter mais acessos.	19
curso de filosofia online	1
Como fixar Nova Acropole no meu not book?	8
Ok. üëç	7
Ol√°	3
Boa tarde. Como posso fixar Nova Acropole no mkeu computador?	8
N√£o,n√£o, te agrade√ßo,  j√° resolvi üòòüòò	19
Guar√°	2
Gostaria de saber mais sobre a institui√ß√£o se tem palestra toda semana	6
Ol√°!	3
gostaria de saber sobre curso de filosofia	1
Ol√°, boa tarde! Gostaria de saber sobre o calend√°rio do curso de filosofia √† maneira cl√°ssica	1
Bo tarde Ana	9
Quer o ser associada mas nao sei como fazwr	12
Ok. Obrigada üôè	11
Distrito Federal	13
DISTRITO FEDERAL	2
Pode ser tamb√©m	16
Bahia	13
Sao Paulo /Sp	17
Ol√°! Gostaria de iniciar  um curso online	6
Eu gostaria de fazer o pagamento via boleto √©  possiv	12
Possivel?	15
Ol√°!	3
O meu estado √© Pernambuco	13
?	4
Pernambuco	13
Ainda  nao sou assinante	9
Eu tambem quero fazer o curso de fillsofia.	6
Mas como fa√ßo pra me inscrever?	15
Bom, vou entrar no site que vc enviou, e qq d√∫vida retorno aqui, ok?üòò	19
Agrade√ßo j√° fiz minha assinatura anual, n√£o conhecia obgda	19
Vc pode me ajudar?	15
Ana , bom dia	0
	4
Uma amiga me informou que paga 20 reais e faz estudo de  livro de yung,  me passou o endere√ßo virtual, mas nao vi nada sobre se associar e sobre o estudo.	6
Gostaria de mais informa√ß√µes.	12
Obgda	2
Oi, Ana. Bom dia.	0
Eu gostaria de saber sobre o curso de orat√≥ria, se tem alguma previs√£o de novas turmas...	6
Ol√°!a loja de voc√™s da asa sul fechou?	15
Queria informa√ß√µes sobre a pr√≥xima turma de Natal	12
Bom dia!	0
gostaria de mais informa√ß√µes. Gostaria de presentear o meu netinho com esse trabalho.	12
Bom dia	0
programa merlin	2
Ol√°!Ol√°!	3
RIO GRANDE DO SUL	13
Bom dia!	0
Quando ter√° curso ou aulas com a professora L√∫cia Helena Galv√£o?	14
https://www.acropole.org.br/programa-merlin/	16
Ol√°, Bom dia	0
üòäüòò	5
T√° ok. Obrigada.	7
Tudo  bem? Meu nome √© Aline, gostaria de saber se tem previs√£o para turmas presenciais.	6
Ol√°!	3
Ol√°!	3
Minas gerais	13
Ol√°!	3
Amazonas- Manaus	13
Boa noite!	0
1  conhecer	16
Ol√°! Como fa√ßo pra me associar	15
Obrigada	11
Cursos	6
Quero fazer curso de yung	6
Ol√°!	3
Rio de Janeiro	13
pelo youtube?	15
S√£o Paulo	17
Ol√°! Gostaria de saber haver√° in√≠cio de turma para campinas?? H√° lista de espera?	6
como acesso?	15
Campinas- S√£o Paulo	17
Ol√°!	3
boa tarde. eu j√° me matriculei. falei com  Roc√≠o.	12
esses cursos com  professora helena, como s√£o?	14
Ol√°! Qual a carga hor√°ria do curso ?	6
Boa tarde	0
Fiz a pr√© inscri√ß√£o pro curso de filosofia aplicada	1
Ol√°!	3
Ol√°!sou Adri e quero fazer o bem,e participar d vossos estudos   p que eu venha a ser √∫til nesse planeta	12
Obrigado Ana!	11
Guar√°	2
Ol√°!	3
meu nome √© Encarnaci√≥n	9
quero fazer o curso.	6
sao caetano do sul	13
Eu gostaria de conhecer a organiza√ß√£o, como funcionam os cursos e o voluntariado, fui at√© uma das sedes mas estava fechada.	6
Obrigado Ana!	11
üôèüèªüòäüôèüèª	5
Tudo certo. Obrigado	7
N√£o muito agradecida	11
Gostaria de saber se o curso ‚ÄúComo viver o Estoicismo‚Äù ficar√° dispon√≠vel online no Acr√≥pole Play?	6
https://youtu.be/iDPZJ1_nxbA	16
Existe previs√£o para uma nova data?	15
Ou a possibilidade de entrar nessa turma atual?	15
Entendi	4
Ok. Grataüôèüèº	7
Ol√°!	3
Bom Dia.	0
Gostaria de saber de h√° abertura do curso primeiro  modulo on line ou presencial  na  cidade  de Campinas.	6
Muito Grata	2
Paraiba	2
Ol√° Ana. Obrigado pela resposta	11
Ol√°!	3
Gostaria de saber se existem cursos on-line	6
Ol√°!	3
Tudo √≥timo!	7
Muito ObrigadoüòÑ	11
Oi	3
Boa tarde. Tenho estudado os v√≠deos de vcs e gostado muito.	19
Oi Ana!	3
Tudo bem?	7
Como fa√ßo para falar com algu√©m de Aragua√≠na?	15
9.	16
Ol√°!	3
Bom dia!	0
Obrigado foi muito √∫til	11
Ol√°!	3
Ol√°!	3
Ol√°! Eu gostaria de Saber se h√° alguma escola da Nova Acr√≥pole na regi√£o do ABC em S√£o Paulo	8
N√∫mero 2	16
T√° bom , vou seguir obrigada	19
Q pena ! Muito obrigada	11
Bom dia 	0
Gostaria de seguir a professora Melissa Andrade no Insta, qual o nome ?	14
Obrigada	11
Qual o insta da prof Melissa Andrade?	14
Oi	3
2 - curao de filosofia	1
Ol√°!	3
Ol√° acabei de fazer minha matricula no curso de filosofia. O pagamento ser√° efetuado impreterivelmente dia 24.	1
Gostaria de receber informa√ß√µes dos horarios e dia do curso , e outras informa√ß√µes necessarias para o meu acompanhamento. Obrigada.	6
Correto obrigado,	11
Tem um canal no YouTube	16
Adoro as palestras da Professora Helena,	14
Desculpa se n√£o fui claro sobre o canal no YouTube	19
Tem um espec√≠fico da Acr√≥pole?	8
Oi Ana.	3
Informa√ß√µes sobre o curso administra√ß√£o do tempo e filosofia.	1
Obrigado senhorita üòÅ	11
S√£o Paulo.	17
Ol√°! Boa noite!	0
Boa noite,	0
Qual o insta da prof Melissa Andrade?	14
1conhecer Nova acr√≥pole	8
n√£o achei o contato para falar com a prof Lucia Helena	14
Muito obrigada	11
que √≥timo!	7
no site	2
est√° √≥timo	7
Bom final de semana	0
tudo √≥timo	7
obrigada	11
oi, meu nome √© Rafaella	9
Moro em Palmas TO	13
Ol√°! boa noite	0
Obrigada. Fico esperando o contato.	19
Gostaria de saber se est√£o recebendo Curriculum.	6
Ol√°!	3
Ol√°!	3
Ol√°.. estava dirigindo..	9
Ou se caso seja virtual se tem que instalar algum aplicativo	15
1. Curso de Filosofia √† Maneira Classica.	1
2. Cursos com a profa. Lucia Helena	14
3. Projetos Sociais	16
Achei toda programa√ß√£o muito interessante. Mas esses tr√™s assuntos me ser√£o muito √∫teis.  Obrigada	19
nossa, que excelente!	7
Sim	10
Obrigada	11
Ol√°! Gostaria de fazer o curso de filosofia, como fazer para assistir a aula? Qual o pre√ßo do curso?	1
No dia 26 √© para ir l√° no local da Nova Acr√≥pole?	8
Ol√°!	3
Fiz a inscri√ß√£o para o curso de Filosofia que come√ßa dia 26.. e tenho algumas d√∫vidas	1
√Åguas Claras Df	16
Era o polo natal rb	16
Rn	4
J√° ajudou	19
Fica na paz	2
mais cedo fiz um pr√© cadastro no site üòÖ	19
Tem alguma prepara√ß√£o de nossa parte?	15
tenho bastante interesse	12
email: igortizz@hotmail.com	16
E tamb√©m quero saber se ser√° presencial ou virtual	15
Sim	10
Ok obrigada	11
Ol√°!	3
Ok muito obrigado	11
Ol√°!	3
Oi. Boa tarde	0
Obrigada.. vou tentar o contato por telefone mesmo.	19
Bom dia, Helena	0
os cursos de filosofia da escola s√£o gratuitos?	1
muito obrigado!	11
vc pode me passar o valor do curso?	6
bom dia Ana	0
me chamo alessandra	9
Distrito Federal	13
F2 - Curso de Filosofia a maneira cl√°ssica	1
Curso de Filosofia a Maneira Cl√°ssica	1
Bom dia..	0
Bom dia, Ana. Gostaria de informa√ß√µes sobre os cursos de filosofia da escola.	1
Vi que h√° uma sede no Gama, DF. aplicam cursos de filosofia nessa sede? 	1
Os cursos s√£o pagos ou gratuitos?	6
Menu	18
Gama	2
Ola Helena	9
Gostaria de informa√ß√µes sobre cursos EAD.	6
Ol√°! A nova acr√≥pole oferece cursos de filosofia?	1
eu gostaria de saber como posso participar no curso de filosofia	1
Ol√°! Bom dia	0
Estou aguardando ajuda para fazer o login no site da Acropole.	8
Itajub√° MG	13
Distrito Federal	13
Ok, obrigada vou verificar	19
Rio de Janeiro	13
Ol√°!	3
Como funciona? Gostaria de conhecer	15
Participar	2
Como fazer o curso	6
Gratuito	2
Ok obrigado	11
Bom dia!	0
Meu bome √© Maria da Penha	9
Tenho assistido alguns videos da Nova Acr√≥pole e gostado muito, especialmente dos da profa. Lucia Helena Galv√•o. Top de linha!	8
Tenho interesse no curso de filosofia. Gostaria de saber se tem em Curitiba;  custo; dura√ß√£o; se √© presencial ou on line; epoca de inscri√ß√£o; etc	1
Desde j√°, agrade√ßo	11
Bom dia	0
Ol√°!	3
Minas Gerais	13
Sim ok e como disse e 5	16
Boa Noite	0
Vou ligar para o numero de vcs	12
Boa NoiteüòÄ	0
Ola Boa Noite	0
Moro em Brasilia e ja tinha avaliado vcs na nota 5üòÄ	19
ok	7
S√£o Paulo	17
Ol√°!	3
Obrigado Rayane pela ajuda	11
Eu ligo para vcsüòÄ	12
Goi√°s	13
OküòÄ	7
Eu  vou ligar p vcs !	12
n entendi	4
Ol√°!	3
Eu irei ligar p a nova acropole	8
Ok  mas deixa que eu ligo p vcs	19
Ok Boa Noite	0
Pela ultima vez eu ligarei p vcs	19
Boa Noite	0
Departamentos: 	2
2; 9 ; 8 e 9	16
Maravilhosa!!! E parece que o Marcelo vai virar acropolitano.	8
Esse cellular e da minha mae o meu esta bloqueado.	19
Pode falar comigo mesmo	9
Aguido Freitas Callil	9
oküòÄ	7
Eu quis dizer que irei ligar p vcs!	12
Boa Noite	0
Vc sabe o telefone	16
5 Eu ja conferi o curso a maneira classica inicia 26 de junho.	6
Vc sabe o valor ?	15
ok v	7
Eu irei ligar p vcs amanha !	12
Boa Noite	0
Quero saber se o curso de filosofia presencial na ilha do governador,RJ voltou e qual √© o valor do curso e matr√≠cula.	1
Nova acr√≥pole barra do gar√ßa	8
Ol√°!	3
Ok.	7
Como posso participar?	15
Bom, sobre  o que a palestra?	15
Filosofia presencial no rj	1
Ok. Obrigada!	11
Nova ACROPOLE e a Prof .L√∫cia Helena enriqueceram muito minha vida.	14
Ol√°!	3
Gostaria de saber das palestras e cursos.	6
Ol√°. Moro no Rio de Janeiro, e nas sedes aqui n√£o est√° tendo atividades. Procede?	15
Boa tarde	0
Ol√°! Bom dia. Estou procurando o link para o curso de Estoicismo que oferecem mas n√£o consegui achar no website. Podem me enviar por favor?	6
Sem problemas. Gostaria de saber quando o curso de Estoicismo estar√° dispon√≠vel de novo. Obrigado!	6
Ol√°!	3
Tenho interesse em conhecer a nova acr√≥pole	8
E ser√£o quantas aulas?	6
Boa noite, tudo bem? Meu nome √© Rog√©rio	9
Ol√°!	3
Ok, Grata	7
Ol√°! Gostaria de saber sobre curso on line ou presencial para a regi√£o de Campinas	6
Qual o valor?	15
Ol√°!	3
Ok. Qual a pr√≥xima palestra de junho, sempre relacionada √† filosofia cl√°ssica .	1
J√° resolvido, grato.	19
Boa noite	0
Ol√°	3
J√° tentei ligar in√∫meras vezes mas n√£o atendem	19
Como fa√ßo para fazer matr√≠cula do curso?	6
Gostaria de receber informa√ß√µes sobre cursos, palestras, semin√°rios e outros eventos . Poderiam me passar a programa√ß√£o de junho a dezembro, se for possivel. Obrigada	6
Ol√° Helena boa tarde!	0
Boa noite.	0
Liguei para algumas. Mas nenhuma atendeu o telefone fixou ou celular	19
Minas Gerais	13
Obrigada!üòòü•∞	11
Ol√°!	3
Agrade√ßo  . J√°  resolvi	19
Ah sim	10
Obrigada!	11
üòä	5
Parab√©ns pelo trabalho da Nova Acr√≥pole!	8
Ol√°!Boa tarde. Vc tem o livro   o caibalion para vender	12
Vcs tem o livro  O Caibalion ?	15
Qual a editora do livro  o caibalion?	15
Livros	2
O atendimento foi muito bom. Fiquei muito satisfeita, (5)	19
Obrigada.	11
Ol√°	3
Boa tarde, Simpl√≠cia!	0
Ol√°!	3
S√£o Paulo	17
Opa 	2
 Tudo bem	7
Queria saber informa√ß√µes sobre o curso	6
‚ò∫Ô∏è	4
Ol√°!	3
Ol√°!boa tarde. J√° solicitei ajuda para logar o site da Acropole e n√£o recebi resposta.	8
E est√°  com as aulas suspensas. 	6
N√£o  tem ensino √† dist√¢ncia?	6
T√° j√≥ia	2
J√° me responderam. Obrigado.	19
Quando tiver aula presencial	6
Eu t√¥ dentro	9
Gostaria de iniciar o curso dia 31	6
Bom dia	0
Sou  de Limeira	9
Gostaria de saber sobre o curso de Filosofia.	1
Angola üá¶üá¥, cidade de Luanda.	13
Poxa vida, ent√£o obrigada msm aaaim	11
Okk	4
E pelo que vi o polo  mais pr√≥ximo √©  de Campinas	8
Ol√°!	3
Obrigada!	11
üòä	5
receber curr√≠culos	2
Ol√°!	3
Ol√° boa tarde. Vcs possuem curso de orat√≥ria?	6
Ol√°!	3
Obrigada	11
Ok obrigado	11
Vou olhar os cursos com calma	6
doa√ß√µes	2
informa os como efetuar doa√ß√µes	15
Curso de orat√≥ria	6
Ol√°! Bom dia!	0
Bom dia	0
Estou interessada no curso de filosofia a maneira cl√°ssica	1
Orat√≥ria	2
Gostaria de saber os valores e se consigo fazer no modo online	15
T√° bem	7
Enviei um e-mail pra sede de Botafogo / rj mas n√£o tive resposta	19
Ol√°!	3
E tem	10
Gostaria de encerrar a minha assinatura mensal	12
Ol√°!	3
Ol√°! Bom dia td bem	0
Endere√ßos das escolas	16
Endere√ßo sede	2
Ol√°!	3
Maranh√£o	13
Desejo saber se esta institui√ß√£o recebe curr√≠culos para trabalhar na √°rea	6
Rio de janeiro	13
Bom dia! Obrigada!!	0
Ol√°!	3
Espirito santo	2
Sim	10
Ol√°!	3
Sim	10
Bom dia	0
Como fa√ßo para me inscrever no curso da Professora L√∫cia	14
?	4
Menu	18
Manaus	13
Oi	3
Manaus	13
aMAZONAS	2
Ol√°!	3
Ol√°! Bom dia	0
Ol√°!	3
Ceara	2
Ceara	2
Gostaria de fazer uma forma√ß√£o de Filosofia .	1
Bom dia	0
Ja entraram em contato telef√¥nico comigo. O local fica em S√£o Caetano, mais pr√≥ximo do Ipiranga. Estou  aguardando novas informa√ß√µes sobre cursos,  palestras.	6
Obrigada!!	11
Ol√°! Gostaria de mais informa√ß√µes sobre o Mini Curso de Fotografia	6
DF	13
Cursos com a professora L√∫cia Helena	14
Ola	4
S√£o  Paulo	17
Encanta com o trabalho da Nova Acr√≥pole!	8
Ol√°!	3
Renata	2
Boa noite !	0
Podemos continuar falando amanh√£ 	16
Boa noite üôè	0
Ol√°, Jessica	9
Vc atende Manaus?	15
N√£o sei qual √©	16
Ol√°!	3
Oi Helena,	3
sim	10
Ol√°!	3
Sim	10
Boa noite. Gostaria de saber onde se praticar Nei Kung, em S√£o Paulo-SP.	6
	4
Grato.	7
Boa noite. Gostaria de saber onde se praticar Nei Kung, em S√£o Paulo-SP.	6
	4
Grato.	7
Menu	18
Bras√≠lia	13
Ol√°! Boa noite	0
üíê	5
Ok obrigada	11
Tenho interesse no curso de filosofia	1
Ol√°! Tudo bem?	3
Muito obrigado	11
Ok	7
Queria fone ou contato de alguem de Belo Horizonte. Quero fazer o curso de Filosofia.	1
Boa tarde	0
S√£o Paulo	17
4e6	16
T√° j√≥ia	2
Ol√°!	3
Fiquei sabendo que por conta da pandemia o curso de.filosifia esta sendo on line, essa informa√ß√£o procede?	6
Ol√°! Boa noite! Gostaria de comprar um livro Dhammapada e um Caibalion	12
Queria saber dos cursos e se t√° havendo aulas ?	6
Boa noite	0
sair	2
Ol√° gostaria de saber sobre cursos de filosofia on line	1
Certo	10
Manaus	13
Amazonas	13
Sabe qual curso vai abrir?	6
Ol√° eu acompanho suas aulas filosofo EU SOU Leomar Soares Barbosa amo sua aulas	14
Eu moro no Leblon- Rio de janeiro. Tem algum come√ßando por agora?	15
Em Botafogo tem algum curso atualmente?	6
Pode detalhar mais o curso para mim?	6
Ol√°! Gostaria de saber se o curso de filosofia, que come√ßa dia 31/5, tamb√©m ser√° on-line ou exclusivamente presencial?	1
Distrito Federal	13
√â poss√≠vel?	15
Vc sabe o hor√°rio? E quando comeca?	15
Niter√≥i	2
Oi Ana, boa noite! Ningu√©m entrou em contato comigo ainda...üòï	19
Boa tarde	0
Ol√°!	3
Boa tarde 	0
Queria informa√ß√µes sobre o curso ou alguns cursos de filosofia	1
Oi Ana	3
Gostaria de fazer o curso de filosofia	1
Gostaria muito de fazer o curso da L√∫cia Helena de filosofia. Mas eu gostaria de assistir a aula gravada. √â poss√≠vel?	14
S√£o Paulo	17
Ol√°!	3
Estou sim	9
Est√° dif√≠cil comunicar-se	16
Boa noite	0
S√£o Paulo	17
Ol√°!	3
Eu vou precisar da Nova Acr√≥pole para mudar a trajet√≥ria evolutiva da humanidade!	8
Estamos prestes a ver a maior revolu√ß√£o deste planeta, pois surgir√£o em todos os continentes, consci√™ncias amadurecidas que levar√£o √†s consci√™ncias embrion√°rias, que aqui est√£o, sobre a face deste planeta, a compreens√£o de que n√£o estamos em uma arena de competi√ß√µes e, sim, em um gigantesco laborat√≥rio para o desenvolvimento das nossas pr√≥prias consci√™ncias.	16
	4
Essas consci√™ncias demonstrar√£o, por meio do racioc√≠nio l√≥gico, calcado na ci√™ncia e embasado no amor, que o com√©rcio √© fruto da imaturidade das consci√™ncias humanas, e que n√£o estamos aqui para sermos escravos do trabalho bra√ßal e, sim, para absorvermos conhecimentos e vivenci√°-los, pois, o conhecimento √© nosso √∫nico e verdadeiro patrim√¥nio.	16
	4
Quando livrarmos as consci√™ncias humanas das grades da ignor√¢ncia, n√£o teremos que indicar, e nem mesmo impor, trabalho a ningu√©m, pois cada consci√™ncia ter√° a maturidade, para exercer a sua fun√ß√£o, sem qualquer tipo de cobran√ßa, pois o conhecimento adquirido levar√°, cada uma dessas consci√™ncias, a ter a responsabilidade com o que faz e, automaticamente, com a coletividade que a cerca.	16
	4
Quando nossas consci√™ncias estiverem mais amadurecidas, perceberemos que emprego e dinheiro s√£o ferramentas para regulamentar as rela√ß√µes de consci√™ncias primitivas, e que a comercializa√ß√£o e a troca de servi√ßos e produtos s√≥ nos faz perder tempo perante os nossos reais objetivos existenciais. Assim sendo, em breve, essas consci√™ncias mais amadurecidas far√£o deste planeta uma s√≥ e eficaz empresa, em que os seus colaboradores exercer√£o fun√ß√µes mediante o grau de compreens√£o e envolvimento com todo o sistema planet√°rio.	16
	4
Dentro de um sistema planet√°rio eficaz, o conhecimento √© uma necessidade individual de cada consci√™ncia, nele inserido, assim sendo, n√£o existe apadrinhamento e, consequentemente, se o indiv√≠duo n√£o estiver pronto para tal fun√ß√£o ou para a utiliza√ß√£o de determinado produto ou servi√ßo, n√£o ter√° a condi√ß√£o, para exerc√™-lo ou utiliz√°-lo, sem a devida habilita√ß√£o.	16
	4
√â por isso que a maior consci√™ncia que aqui esteve afirmou, E conhecereis a verdade e a verdade vos libertar√° e outras fizeram, com outras palavras, a mesma afirma√ß√£o, portanto, os conhecimentos trazidos por estas consci√™ncias amadurecidas, que h√£o de surgir no nosso meio social, nos levar√£o a fazer uma complexa reengenharia da vida, sobre a face deste planeta, e, com isso, surgir√° um eficaz sistema de conv√≠vio social planet√°rio.	16
E sobre este curso tamb√©m: Egito	6
	4
O sentido da vida. M√°ximas de Ptahotep e Ani	16
curso sobre filosofia est√≥ica	1
Ol√°!	3
Rio de janeiro	13
Estou em S√£o Paulo,  no bairro do Ipiranga.	9
Rio grande do sul	13
Ol√°!	3
Boa tarde	0
https://youtu.be/HThtIx2YRUc	16
goiania	2
oi	4
Ok!	7
Ol√°!	3
Bom dia	0
Genival J√∫nior	2
Jardim paulista	13
Sedes em S√£o Paulo	17
Oi Ana. Tudo bem?	3
Ol√°	3
Ok Bom Dia	0
Sou a consci√™ncia, que L√∫cia Helena Galv√£o acorda e chama todos os dias para mudar a trajet√≥ria evolutiva da humanidade! ALPINARA	9
üôåüèªüôåüèª	5
Ok	7
Quanto tempo dura o curso?	6
Sedes	2
Ol√°! Eu gostaria de saber se voc√™s contam com o curso de filosofia na vers√£o online	1
11- Voc√™s tem pra vender?	15
Ol√°! Boa tarde! Gostaria de comprar um livro Dhammapada e um Caibalion	12
obrigada!	11
üòä	5
Ol√°! Bom Dia Sim	0
Ol√°! boa tarde, tudo bem?	0
Curso da nova cropole a mabeira classica	8
So	4
S√£o Paulo	17
Como fa√ßo para saber o valor da sede de s√≥	15
Vc pode me passar o programa do primeiro n√≠vel e o valor?	6
Me chamo Leonardo.	9
H√° tempos acompanho vcs, em especial a professora L√∫cia Helena.	14
Tenho uma produtora de v√≠deo aqui em Sao Paulo focada em publicidade, v√≠deos art√≠sticos, etc.	12
Caso tenham necessidade dess tipo de trabalho, estou disposto a contribuir, na propaga√ß√£o.	12
Www.libertafilmes.com.br	16
Eu quis dizer que quero  cursar o curso da nova acropole a maneira  classica !	8
Ol√°!boa tarde	0
Gostaria de fazer o Curso de Filosofia. O que precisa? Tem em Taubat√©, certo?	1
Niter√≥i	2
Ol√°!	3
Gostaria de saber quais os cursos de filosofia, qual o custo e se s√£o on line?	1
Boa tarde!	0
Sou Ramey	9
ol√°	3
Ok .obrigada.	11
Gostaria de fazer o da nova acr√≥pole.  Como me inscrever?	8
O curso que fiz a matr√≠cula,  foi A Nova Filosofia - Tecnicas, Materiais, Equipamentos iniciantes.	1
S√£o Paulo. Eu teria que assistir a aula presencialmente?	6
Matricula paga	2
Bom dia! Sim!	0
Muito obrigada üòâ	11
Ol√°! Bom dia!!!	0
S√£o Paulo	17
Ol√°! Haver√° abertura de outra turma este ano?	15
Ol√° Helena. Tudo bem?	3
Ol√°! Bom dia	0
Ol√°!	3
Boa tarde, Gostaria de maiores informa√ß√µes sobre o curso de filosofia	1
Eu tenho interesse em qualquer sede em S√£o Paulo. Por favor, gostaria de realizar o curso em qualquer sede em S√£o Paulo. Fico no aguardo da indica√ß√£o da sede com vaga em S√£o Paulo que devo procurar.	6
Muito obrigada	11
Rio de Janeiro	13
Sou Heber	9
Ol√°!	3
Ah sim, e qual sede tem vaga?	15
Ol√°!	3
Belo Horizonte	13
Quero falar sobre a zona de conforto, utilizar um trecho de uma das palestras do Caibalion sobre o princ√≠pio da vibra√ß√£o, l√≥gico que colocarei o link do canal nova acr√≥pole para quem quiser assistir na √≠ntegra possa conhecer mais sobre nova acr√≥pole	8
Obrigada.	11
Que pena! Obrigada.	11
Oi, j√° me responderam no Instagram, obrigada	19
Posso utilizar trechos de palestras do canal do YouTube para fazer uns v√≠deos no meu canal?	12
Boa tarde	0
N√£o em nada no canal ainda, ser√° o primeiro v√≠deo. Vou mandar o link	19
Ol√°, querido parceiro!	3
	4
Agrade√ßo imensamente o seu contato, mas no momento estou em atendimento ou no hor√°rio de almo√ßo das 12h √†s 14h. Assim, que puder retornarei para auxiliar no que for necess√°rio. 	19
	4
 Com carinho, Paula Anjos Ribeiro ! üß°	9
N√£o  Obrigada	10
Ol√°!	3
Autoriza√ß√£o	2
Na verdade, todas as unidades s√£o distantes, ent√£o qualquer uma delas me serve.	19
Eu citei uma por achei que fosse obrigat√≥rio	19
Santana	2
Ol√°!	3
Cear√°	13
Com a de Salvador, na Pituba.	13
Natal rn	2
Sao paulo e osascp	17
Gostaria  de saber se tem que pagar pelo cursos da professora Helena?	14
Na cidade onde moro n√£o tem sede da Nova Acr√≥pole. Querendo eu fazer on LINE  posso escolher, em qual unidade que oferece o curso on LINE, onde farei minhas aulas?	6
Ol√°	3
T√° √≥timo.	7
Estou em S√£o Jos√© dos  Campos	9
Por HR n√£o..grata.	16
Bom dia.	0
Ol√°!	3
Sobre o curso de filosofia	1
Ol√°! Gostaria de saber sobre os cursos.	6
Bom dia	0
Poxa que pena.	16
De QQ forma, vc pode me passar o valor?	15
Pq talvez eu veja onde fica a unidade mais perto	19
Ola obrigada	11
Aguardo seu contato	12
Oi, boa noite	0
podem tirar um tempo para conversar comigo por favor?	12
Esquece üò≠	2
Lista de livros e editoras	16
Ol√° boa noite	0
Ol√°!	3
qual a forma de pagamento ?	15
Ol√°! quando estara iniciando o curso de filosofia a maneira classica?	1
Ol√°!	3
Quantas aulas ao m√™s?O Merlin?	6
E valor?!	15
Boa. Noite. Quantas aulas ao m√™s o Merlin?	6
Mandei uma mensagem sobre o curso e n√£o obtive resposta, at√© o momento, pelo site.	19
N√£o tive resposta.	19
Gratidao	2
Ol√°!	3
Qual o valor do curso?	6
Sao paulo	17
S√£o Paulo	17
?	4
Vcs funcionam c a modalidade on LINE.	15
N√£o. Gratid√£o	10
Boa noite! Gostaria de saber se ainda √© poss√≠vel entrar na turma que come√ßou em 05/05 e quem s√£o os professores. Grata	6
Paz de Deus tudo bem	7
Ol√°! Ana, gostaria de saber como posso me tornar volunt√°ria.	15
Pode ajudar?/	15
Ol√°, boa tarde. Me chamo Nicole e gostaria de obter mais informa√ß√µes sobre o curso de filosofia de voc√™s. Ele est√° sendo ofertado presencialmente ou online? As aulas s√£o de segunda a sexta?	1
Rio das ostras	13
Regi√£o dos lagos rj	13
üå∫	5
Fiz minha inscri√ß√£o	19
Muito obrigada!!	11
Quero fazer os cursos	6
Boa tarde	0
Eu gostaria de conhecer mais sobre nova acr√≥pole.	8
Vcs oferem curso de filosofia ou s√£o uma universidade?	1
Curso	6
Boa tarde	0
Ol√°! Como fa√ßo pra ser volunt√°ria?	15
Ol√°!	3
Ol√°!	3
Inscri√ß√£o O Segredo da Flor de Ouro	16
Ol√°! Boa tarde! Vi no Instagram q vai haver um evento pelo Zoom sobre O Segredo da Flor de Ouro. Tentei fazer a inscri√ß√£o pelo link postado, mas deu erro. Como fa√ßo pra me inscrever? Quero muito participar.	19
Ol√°! Boa tarde! Vi no Instagram q vai haver um evento pelo Zoom sobre O Segredo da Flor de Ouro. Tentei fazer a inscri√ß√£o pelo link postado, mas deu erro. Como fa√ßo pra me inscrever? Quero muito participar.	19
Rolio de Janeiro	13
Gostaria de saber informa√ß√µes sobre o curso de filosofia.	1
RJ	13
Rio de Janeiro	13
arifer1110@gmail.com	16
N√£o estou conseguindo encontrar o local para o login	19
ok	7
Ol√°!	3
Menu	18
S√£o Paulo	17
Pouco e otimo	16
Ol√°!	3
Bom dia	0
Sou de S√£o Paulo, capital gostaria de saber de curso de filosofia aqui na minha regi√£o. Por que √© t√£o dif√≠cil de ter vagas?üòû	1
Ol√°! Bom dia ‚òÄÔ∏è 	0
Gostaria de saber como fa√ßo pra me tornar aluna da Nova Acr√≥pole	8
Rio de Janeiro	13
Bom dia	0
Atenderia sim!	16
Bom dia, caros amigos. 	0
A sede de Campinas/SP est√° funcionado?	15
Voc√™s s√£o as musas inspiradora que tive a gra√ßa de conhecer. 	12
Um excelente dia. 	0
Moacir Bufo	2
Boa tarde... Tive em contacto convosco esta semana	19
Ol√°! Bom dia 	0
Poderia me ajudar em localizar o v√≠deo da Prof. Lucia Helena falando sobre as cartas de amor de Kalil Gibram	14
obrigada Mylene	11
Ol√°! Bom dia 	0
Poderia me ajudar em localizar o v√≠deo da Prof. Lucia Helena falando sobre as cartas de amor de Kalil Gibram	14
obrigada Mylene	11
Vai ser presenciao ou online?	15
Seria para mim e para meu marido	12
Ol√°! Desculpa a msg tarde. Gostaria de saber se consigo fazer o curso de filosofia a maneira cl√°ssica no modo EAD	1
Obrigada	11
Sou assinante e estou tentando encontrar a forma de logar o site da nova acropole.	8
Como fazer o login.	15
Ol√°!	3
Sim, como fa√ßo. Sou assinante.	9
Ol√°!boa noite	0
N√£o sei.  Vi no Instagram.  √â sobre S√™neca	16
Eu ainda n√£o entendi como funciona a Nova Acropole	8
Obrigada	11
Boa noite.	0
Ok Laiza..	9
Nota 5..	16
Ol√°, tudo bem? 	3
Primeiramente, parab√©ns pela Nova Acr√≥pole, acompanho voc√™s e anos e acho lindo o trabalho.	8
Eu sou videomaker a anos e sou estudante de Psicologia e Psican√°lise.	9
Queria me colocar a disposi√ß√£o para precisarem de parceiros para produzirem seus document√°rios.	12
Eu tenho muito interesse em trabalhar em uma linha mais documental e eu busco muito um olhar nas hist√≥rias, nos detalhes e singularidade.	12
Tenho certeza que tem muito haver com as palestras de voc√™s.	12
Espero em breve eternizar momentos com voc√™s.	12
Fico a disposi√ß√£o, um abra√ßo!	12
	4
	4
https://www.instagram.com/matheusmombach/	16
https://www.youtube.com/channel/UCs1M33n61Rkrt3nSO3uaycw	16
Ol√°!	3
Ol√°, tudo bem? 	3
Primeiramente, parab√©ns pela Nova Acr√≥pole, acompanho voc√™s e anos e acho lindo o trabalho.	8
Eu sou videomaker a anos e sou estudante de Psicologia e Psican√°lise.	9
Queria me colocar a disposi√ß√£o para precisarem de parceiros para produzirem seus document√°rios.	12
Eu tenho muito interesse em trabalhar em uma linha mais documental e eu busco muito um olhar nas hist√≥rias, nos detalhes e singularidade.	12
Tenho certeza que tem muito haver com as palestras de voc√™s.	12
Espero em breve eternizar momentos com voc√™s.	12
Fico a disposi√ß√£o, um abra√ßo!	12
	4
	4
https://www.instagram.com/matheusmombach/	16
https://www.youtube.com/channel/UCs1M33n61Rkrt3nSO3uaycw	16
Obrigada	11
por enquanto √© isso	16
naooo	10
Nao estou conseguindo me inscrever no curso de filosofia	1
Ol√°!	3
H√° algum curso online disponivel?	6
Sao Paulo	17
Ol√°!	3
Programa Merlim	2
Educa√ß√£o infantil	16
Ol√°!	3
Ol√°!	3
S√ÉO PAULO	17
Ola	4
S√£o Paulo	17
Ol√° bom dia	0
MG	13
Ol√°! tudo bem? Meu nome √© Tereza e queria saber como posso fazer parte das atividades	15
Bom dia! Gostaria de saber informa√ß√µes sobre o curso b√°sico de voc√™s. Obrigado	6
Cear√°	13
Boa noite Prezados,	0
Antes de qualquer exclama√ß√£o, gostaria de deixar minha admira√ß√£o pelo trabalho realizado pela Nova Acr√≥pole.	8
	4
Sou um declarado apaixonado pelas palestras da Senhora L√∫cia Helena Galv√£o e pela sua generosidade em oferecer seu conhecimento, clareza nas explana√ß√µes abusando de seu especial dom criativo. Um verdadeiro deleite intelectual!	14
	4
Quem me dera ser mais capaz de absorver (e reter) tanto conhecimento!	12
	4
Bom, Meu nome √© Leonardo Camanzi e estou respons√°vel pela Comiss√£o Organizadora da EduTech - Congresso e Exposi√ß√£o de Tecnologia na Educa√ß√£o.	9
	4
Meu interesse √© convid√°-los a participar do Congresso oferecendo conte√∫do relevante para nosso p√∫blico que √© composto de diretores de institui√ß√µes de ensino, corpo docente, alunos, seus familiares e todos que tenham interesse no Setor Educacional.	12
	4
Envio abaixo documenta√ß√£o da √∫ltima edi√ß√£o que aconteceu em maio de 2020, corajosamente no in√≠cio da pandemia, que nos trouxe um pouco mais de 7.000 inscritos de 5 pa√≠ses distintos.	16
	4
Segue tamb√©m uma imagem com os Eixos fundamentais do Congresso para entendimento.	16
	4
Mas, o que me moveu para enviar esta mensagem √© algo que n√£o ser√° encontrado na hist√≥ria das vers√µes passadas.	19
	4
Sugiro algo novo. Constru√≠do de forma singular e usando varias m√£os para responder uma reflex√£o:	16
	4
Que tipo de conte√∫do e prograna pode ser oferecido por uma entidade de fundamento filos√≥fico para o momento t√£o at√≠pico que passamos no Setor Educacional recente?	1
	4
Podendo ser apenas uma palestra, v√°rias, novo eixo ou curso, o que poder√≠amos abordar para que avancemos alguns cent√≠metros no desenvolvimento da Educa√ß√£o no Brasil?	8
	4
Pe√ßo desculpas pelo meu longo texto mas n√£o poderia deixar de tentar esta aproxima√ß√£o.	19
	4
Acredito que possa ser um come√ßo de uma produtiva parceria.	12
	4
Receba minha grande admiracao.	12
Um grande abra√ßo.	16
EduTech'20 - Quadro de Palestras .pdf	16
EduTech¬¥21 - Congresso e Exposi√ß√£o de Tecnologia na Educa√ß√£o - Convite ao Palestrante.pdf	16
EduTech¬¥21 - Congresso e Exposi√ß√£o de Tecnologia na Educa√ß√£o - Convite ao Palestrante.pdf	16
https://valedasfrutas.com.br/tv/educar/7/projeto-educar	16
Voc√™s vendem livros?	15
Ol√°!	3
Ol√°! Ha o curso de Filosofia online?	1
Boa noite	0
Esse ser humano √© raridade Lucia!  Onde chegamos....	16
Ol√°!	3
Ol√°!	3
S√£o Paulo	17
Ol√°!	3
Ol√°	3
Minas Gerais	13
BAHIA	2
Brasilia	13
N√£o se preocupe! Se deus criou deixa ele cuidar ! Enfim.deus √© vc ! Nada t√° acontecendo! Esse desespero s√≥ t√° mente ( no computador mental)	16
Ol√°!boa tarde!	0
Ol√° boa tarde,  meu nome eh Sabrina 	9
Sou f√£ do Conte√∫do da N.A. 	12
Gostaria de saber qual eh a palestra que fala desse tema miss√£o de vida e tbm sobre o tema pare de reclamar  ?...pois soh encontrei as p√≠lulas.....	12
Muito obrigada	11
tudo bem?	7
Ol√°!	3
Ol√°!ol√° tudo bem?	3
Qual a melhor editora para o luvro a republica de platao?	15
Editora	2
A Rep√∫blica  de platao	13
COMPLETAMENTE F√É DA PROF. HELENA L√öCIA . SIGO TODOS OS SEUS VIDEOS. ENSINA-NOS IMENSO COMO SER  O MELHORDE N+OS MESMOS, E TORNARMO-NOS ASSIM UM VERDADEIRO SER HUMANO.  UM GRANDE ABRA√áO PARA ESTA GRANDE SENHORA.	14
Filosofia Natural	1
Bom dia	0
S√£o Paulo	17
Ol√°!	3
Ol√°!	3
Santa Catarina	13
Bom dia.  Quase n√£o vejo mais seus v√≠deos mas te admiro muito	19
Ol√°!	3
Pa√≠ses que combateram a pandemia de covid-19 com vigor e concederam incentivos fiscais significativos ocupam as primeiras posi√ß√µes do ranking do Produto Interno Bruto (PIB) do primeiro trimestre do ano de 50 pa√≠ses divulgado nesta ter√ßa-feira, 1.¬∫ - #FINES https://antropofagista.com.br/2021/06/02/brasil-cai-para-19o-lugar-em-ranking-do-pib-paises-que-combateram-pandemia-com-vigor-estao-no-topo/	16
Bahia	13
Ol√° quero me tornar uma volunt√°rio	12
Ol√°!	3
RS	2
Ol√°!Ol√°!	3
Ol√°!	3
Ol√°!	3
Ol√°! Estou interessa no curso de filosofia	1
Ol√°!	3
Ol√°!	3
S√£o Paulo	17
oi	4
ceara	2
Rio Grande do Sul	13
Ol√°!	3
Ol√°!	3
Tudo bem com voc√™s?	7
Vcs tem curso a dist√¢ncia?	6
Obrigada	11
Minha grande paix√£o, procurar cultura, principalmente, com a valiosa contribui√ß√£o da porluciahelena Galv√£o, minha nova fonte de sabedoria, admir√°vel!üëèüëèüëèüå∑	19
Mesmo bem ap√≥s o recebimento da mensagem quero agradecer pelo envio e pelo empenho. As informa√ß√µes foram √∫teis. Consegui realizar a doa√ß√£o.	19
Grato por tudo, Simpl√≠cia!	9
Boa tarde!!!	0
Gostaria de saber a agenda de cursos de filosofia	1
S√£o Paulo	17
S√£o Paulo	17
Ol√°!	3
S√£o Paulo	17
Ol√°! Boa tarde	3
Minas gerais	13
Ol√° Bom dia	0
Ol√°! Bom dia!	0
Ola o link est√° errado	16
Ol√°!	3
Ol√°!	3
Ol√°! Acabei de assistir a um dos epis√≥dio da s√©rie an√°lise simb√≥lica dos contos de fadas e gostaria de receber um indica√ß√£o de leitura dos contos como o do Jo√£o e o p√© de feij√£o?	12
S√£o Paulo	17
Ol√°! Meu nome √© Siegrid e gostaria de saber se voc√™s ainda est√£o disponibilizando o curso de gest√£o do tempo com L√∫cia Helena Galvao	14
Muito obrigado!	11
Ol√°!	3
S√£o Paulo	17
Ol√°!	3
Ol√°!	3
Curso de orat√≥ria	6
Ol√°!	3
boa noite estava pesquisando sobre o col√©gio de voc√™s	19
Ol√°!	3
Ol√°! Boa Noite!	0
Valor do curso	6
Ol√°! Como fa√ßo pra assistir a palestra de hoje - 19:00 ?	15
Ol√°	3
Bahia	13
Rs	4
Ol√°!	3
Ol√°!	3
üòâüôèüèΩ	5
Meu irm√£o gostaria de fazer filosofia	1
Ol√°!	3
Ol√°!	3
Boa tarde!	0
Meu nome √© Jo√£o Stringhini e gostaria de falar com s Prof L√∫cia Helena. √â poss√≠vel?	14
Sou professor da ESPM, psic√≥logo e trabalho com o desenvolvimento de pessoas.	9
 Abra√ßo	2
Jo√£o	2
Ol√°!	3
Boa tarde!	0
Meu nome √© Jo√£o Stringhini e gostaria de falar com s Prof L√∫cia Helena. √â poss√≠vel?	14
Sou professor da ESPM, psic√≥logo e trabalho com o desenvolvimento de pessoas.	9
 Abra√ßo	2
Jo√£o	2
Ol√°	3
Boa tarde	0
Ol√°! Como fa√ßo para me inscrever no curso?	6
Ol√°!	3
Ol√°!	3
Oii gostaria de informa√ß√µes sobre novas turmas	6
Mas √© muito sonho fazer um curso com ela ‚ô•Ô∏è	6
Oii Ana me chamo Natalia	9
Siiim	10
T√° bom ent√£o muito obrigada ‚ô•Ô∏è	11
S√£o Lu√≠s! Maranh√£o	13
Ahhhh t√° bem	7
A partir de que n√≠vel ela ministra os cursos?	6
Eu gostaria de saber se tem alguma turma por abrir com a prof L√∫cia Helena Galv√£o	14
Eu j√° fiz o curso inicial aqui na minha cidade	6
Recife-PE	13
Serve como gradua√ß√£o?	6
Oi boa tarde	0
Oi	3
Ol√°! Boa tarde.	3
Ol√°!	3
Ol√°!	3
Ol√° bom dia 	0
Fico muito feliz em encontrar esse caminho para conversar e obter algumas respostas. 	19
	4
Sou assistente ass√≠dua das palestras da Nova Acr√≥pole. 	8
	4
Por favor, se poss√≠vel,  gostaria de fazer duas perguntas:	12
	4
- estou lendo O Louco de Kalil Gibran e estou tendo dificuldades para entender nas entrelinhas como vcs costumam dizer.  Gostaria de saber se tem palestras sobre esse livro,  pois , achei s√≥ o do Profeta?	14
	4
- comecei a ler sobre Nietzsche e estou muito confusa. Poderiam me ajudar,  por favor. 	1
	4
Muito obrigada. 	11
	4
Bom domingo üòò	0
Estou interessado no Curso de Filosofia a Maneira Cl√°ssica	1
Gostaria de maiores informa√ß√µes	12
Ok, obrigada	11
üëçüèΩ	5
Santa Catarina	13
N√£o, obrigada	10
Este curso √© uma gradua√ß√£o?	6
Minas Gerais	13
Maranh√£o	13
Ol√°! Tudo bem ?	3
Ola bom dia. Me chamo Tatiana	9
	4
J√° voltou as aulas presenciais em nova acr√≥pole?	8
Ol√°!	3
Bom dia!	0
Fotografia	2
Fotogry	2
Sim gostaria muito de enviar um assu t particular para nossa wuerida professora Lucia	14
Sim	10
Ol√°!	3
Gostaria de saber como fazer doa√ß√£o	15
Ol√°, eu gostaria de saber como fa√ßo para participar do curso de filosofia na sede da cidade de fortaleza sul	1
Ol√°!	3
Curso de t√©cnica de estudo	6
Como faz para estudar na nova Acr√≥pole	8
Dourados MS	2
Ol√°!	3
Dionisio Torres	2
Vc pode informar o valor ou atrav√©s desse link tenho as informa√ß√µes?	15
So isso, obrigado.	11
Boa noite	0
Ok	7
Sim, tranquilo.	10
Mas o que gostaria de saber √© se teria como propor curso a ser ofertado, ou se a grade de cursos √© fixa	6
Gostaria de fazer uma inicia√ß√£o em filosofia com a Professora L√∫cia Helena.	14
Ol√°! Tijuca e Botafogo.	13
Ok	7
Gostaria de saber se o curso de filosofia √© s√≥ presencial?	1
Ol√°!	3
Gosto muito da nova acropole	8
Sou de Salvador e aqui n√£o est√° dispon√≠vel ainda nem onlaine nem presencial tem alguma previs√£o desse curso aqui?	6
Boa noite	0
Sou de Camaragibe Pernambuco cidade metropolitana do Recife,gostaria de saber qual os requisitos exigido para fazer o curso?	6
Boa noite! Ana,meu nome e Cristiana	9
Professora. Lucia	14
Vou assistir nos link,tenha uma boa noiteü•∞	19
√ìtimo, obrigado pela informa√ß√£o.	19
Certo , muito obrigada.	11
Oi Ana	3
Isso mesmo	10
Ok, no aguardo	7
Estou ansiosa pra acessar rsrs	19
Vou tentar	19
Em Portugal	13
Quanto √©?	15
Gostaria de uma informa√ß√£o. Como √© feita a sele√ß√£o dos cursos e dos professores/instrutores do Nova Acropole?	8
	4
Sou psicanalista, acabei de fazer uma tese de mestrado sobre Nietzsche e Psican√°lise e estou.montando um curso sobre o tema. Acha que haveria espa√ßo para ofert√°-lo a√≠? Poderia falar com o respons√°vel por esse assunto na institui√ß√£o?	1
Eu queria conhecer	12
Queria ser voluntaria	12
Consegui! ObrigadaüôÇ	19
Voluntariamente, eu falo	9
Ol√°	3
J√° falamos	16
Obrigada	11
Boa noite!	0
Vcs conseguem corrigir?	15
Ol√°! Boa tarde. Gostaria de informa√ß√µes sobre o curso de filosofia na cidade de Curitiba! Como posso entrar em contato com a nova acropole de Curitiba? Com quem devo falar?	1
Eu quero	12
Curitiba	13
Ol√°	3
Estarei ligando p esse no amanha ,  bom domingo !	12
Ol√°!	3
Boa Tarde Yuri	0
Que otimo que o curso inicia em junho.	6
Quais os custos ?	15
Ol√°!	3
Obrigado	11
Meu nome e Aguido Freitas Callil e que  meu celular esta bloqueado e estou utilizando o de minha mae.	9
O pgto e so no cartao ?	15
As aulas serao presenciais ou on line ???	6
Ol√°!	3
Boa estou  s√≥  conhecendo  o site de voc√™s	19
Estou  conhecendo o site	9
Almada, Portugal	13
Bom dia. Meu nome √© Ana L√∫cia Pires.	9
Pretendo fazer o curso de filosofia ‚Äú on line‚Äù. 	1
	4
Como faz√™-lo?	15
Aguardo contato.	12
Gratid√£o.üíê	2
Ol√°! Voc√™s tem o curso de filosofia on-line?  Na cidade que moro n√£o tem Nova Acr√≥pole. Eu gosto tanto do jeito que voc√™s ensinam a filosofia! ü•∞	1
Ola bom dia sou do RJ e gostaria de me informar sobre os cursos	6
Voluntariado	2
Curso de filosofia	1
Paracatu-MG	2
Mas nesta pandemia n√£o tem curso on line?	6
Rio de Janeiro	13
9 cursos	6
Maca√© RJ	13
Ol√°! Gostaria de fazer o curso de filosofia	1
Ol√° bom dia	0
Ol√°!	3
Curitiba	13
Menu	18
Florian√≥polis	13
Ol√°! Gostaria de fazer o curso de filosofia, as aulas s√£o gravadas? Como posso proceder?	1
bras√≠lia	2
Quero saber da programa√ß√£o da nova acr√≥pole de sobradinho	8
sobradinho	2
programa√ß√£o	2
Ol√°!	3
Gostaria de saber se j√° retomaram atividades presenciais, j√° tem um calend√°rio?	6
Ol√°! Boa Noite	0
Quando iniicia o curso ?	6
Asa Sul	2
curso de filosofia a maneira classica ?	1
Brasilia	13
Ok Boa Noite	0
Obrigada!	11
Boa noite	0
Sao carlos sp	2
Ol√°!	3
Ol√° Natani, boa noite	0
Mas o dia dos encontros qual √©?	15
Porque eu n√£o sou de Mossor√≥, e teria que me programar para vir	19
Boa noite. Tudo bem	0
Ol√°!	3
Tem gradua√ß√£o quanto custa o curso tem certificado	6
Sim	10
Eu na verdade gostaria de saber quando s√£o as aulas do curso	6
Ah, sim. Obrigado	11
Ol√°!	3
Tem nova acr√≥pole em Porto Alegre?	8
Ol√°	3
Ol√°!	3
Ol√°!	3
Tudo bem?	7
Gratid√£o	2
N√£o consigo me inscrever	19
Ola	4
Oi! Obrigada pelo contato	11
Ah sim, entendi 	7
No site, todas as filiais est√£o sem previs√£o de atividade quanto o curso de Filosofia	1
Voc√™ sabe me informar se h√° alguma previs√£o de in√≠cio do curso?	6
Entendi, ta beleza	7
Obrigada!	11
Ou se voc√™s est√£o pretendendo fazer s√≥ online?	15
Ol√°! Boa tarde. Gostaria de saber quais s√£o os dias de encontros/aulas na Nova Acr√≥pole.	8
Ol√°!	3
S√£o luis	2
Rio de Janeiro	13
Botafogo	13
Bom dia!	0
Gostaria de saber se vcs tem sede na Bahia?	15
Mossor√≥-RN	2
Sede na Bahia	13
Vai ser pelo zoo ?	15
N e presencial ?	15
Vcs tem sede na Bahia?	15
Ok	7
T√° bom obrigada	11
Sou de Anapolis, aqle presencial n e daq ? Queria ele sou t√≠mida tem q ser presencial	6
Entendi	4
Quero manter contato	12
Combinado!	2
Obrigada pela aten√ß√£o!	11
Vc pode na me passar as escolas de Salvador?	6
Ol√°!	3
Marco Aur√©lio	16
Medita√ß√µes Marco	16
Gostaria de saber o valor do curso	6
Oi Ana	3
Isso eu fiz a pr√© inscri√ß√£o	19
P ele	4
Bom dia  Ana!	0
Aqui √© Rita de C√°ssia 	9
Sou do interior  da Bahia.	9
Tenho interesse em fazer o curso de filosofia da Nova Acr√≥pole...	1
Vc pode me passar o contato?	12
N poderia fazer um encaixe	16
Fazer esse curso	6
Estou tentado a um temp√£o	12
Ent√£o aconteceu isso da √∫ltima vez e n fui avisada	19
Poderia verificar	12
Gostaria muito de fazer o curso	6
Sobradinho -Df	2
Brasilia	13
Rio das Ostras	13
Bom dia Helena!	0
Tudo bem?	7
Meu nome √© Manuela.	9
Gostaria de receber mais informa√ß√µes sobre o curso de filosofia.	1
Gostaria de saber o valor do curso de filosofia	1
Ol√°!	3
S√©rio	4
Ol√°, Helena !	3
Ol√°!	3
Pode ser mais de um?	15
Adoro esta ideia	12
Quero fazer minha inscri√ß√£o	12
Ol√°!	3
O curso de orat√≥ria	6
Gostaria de me inscrever para a palestra de hj √†sx20h	12
Ol√°!	3
Boa tarde .. √© sobre o curso de filosofia,  mas j√° consegui as informa√ß√µes	1
Agrade√ßo	11
Muito obrigada pelo retorno.	11
Vou me inscrever.	12
Minas Gerais	13
Cidade do interior	13
Ok	7
Muito obrigado	11
Nem 5000 habitantes tem	16
Boa tarde	0
Oi	3
Minas gerais	13
üò≠üò≠üò≠üò≠	5
Oi Ana	3
Muito obrigado üòä	11
Eu acompanho o trabalho de voc√™s	12
Sim	10
Ok	7
Existe algum tipo de capacita√ß√£o para ser volunt√°rio da Nova Acr√≥pole?	8
Existe algum tipo de capacita√ß√£o para ser volunt√°rio da Nova Acr√≥pole?	8
Como posso fazer esse curso?	6
Minas Gerais	13
üò¢	5
Patroc√≠nio do Muria√©	2
Capacita√ß√£o para volunt√°rio	16
boa tarde	0
Volta Redonda (RJ)	13
DF	13
Sim, a mais pr√≥xima √© em Campinas	16
minas gerais	13
fortaleza	2
Ok	7
acre	2
rio de janeiro	13
bahia	13
Obrigada	11
S√£o Jos√© do Rio Preto, mas vou mudar para Bras√≠lia	13
üôè	5
Obrigada	11
Oi	3
J√° fiz a inscri√ß√£o 	19
J√° resolvi o problema	19
entendi, beleza	7
distrito federal	13
tocantins	2
Acho q a mais pr√≥xima √© em Campinas, correto?	15
goi√°s	13
Ol√° boa tarde	0
minas	2
Obrigada!	11
Ol√°!	3
maranh√£o	2
bel√©m	2
Ol√°!	3
Ol√° 	3
Gostaria de saber se √© aqui que fa√ßo a inscri√ß√£o para participar da palestra de quarta-feira sobre as 7 dimens√µes do ser humano.	12
boa  tarde	0
De que se trata essa nova acropole	8
Ol√°!	3
Certo .	10
teste chatbot	2
Muito obrigada pelas informa√ß√µes	11
goiania	2
goniania	2
RS	2
rio grande do sul	13
Boa tarde!	0
Obrigado	11
o curso me d√° direito a algum certificado	6
Inscri√ß√£o palestra as 7 dimens√µes do ser humano	16
?	4
Ola	4
voc√™s tem algum curso de segunda a sexta no hor√°rio da tarde?	6
Ol√° Simpl√≠cia, boa tarde.	0
E como faz tem algum custo gostaria de informa√ßoes	15
Tenho interesse em fazer o curso de Filosofia. Tem ele dispon√≠vel online?	1
Barra da gar√ßas mt	16
S√£o Paulo	17
Eu moro em Piracicaba e estou interessada em fazer o curso de filosofia cl√°ssica	1
oi	4
Como faso pra participar	15
S√£o Paulo	17
...Boa tarde. a. Entrei para ter como op√ß√£o. Porque amo As palestras filosoficas, principalmente da Helena Galv√£o. Estou assistindo uma palestra agora.	14
Ol√°!üôãüèª‚Äç‚ôÄÔ∏è	3
Desde j√° agrade√ßo üôè	11
Vc poderia por favor me informar qual eh a sede mais pr√≥xima, valor, agenda para pr√≥xima turma e se h√° possibilidade de eu fazer o curso virtualmente?	6
Ol√°!	3
Amo sua palestras...	16
üëçüèº	5
Ol√°!	3
Boa tarde	0
Distrito federal	13
Ol√°!	3
Boa tarde	0
Oi	3
Montes claros MG	13
Vcs tem cursos de filosofia online?	1
Ol√°!	3
S√£o Paulo	17
Ol√°!	3
10 e 11	16
Ol√°..	3
Boa noite!	0
Ol√°!boa noite! Tenho interesse no curso de Filosofia pra iniciantes on line	1
Como fa√ßo	15
Ok..Helena ...Boa noite!!!	0
S√≥ parabeniz√°-los...por mais essa iniciativa de espalhar o bem comum da sabedoria a todos..üôèüèªüëèüèªüëèüèªüëèüèªüëèüèªüôèüèª	19
Ol√° Helena, boa noite	0
Ol√°! Moro em Utah, Estados Unidos, voc√™s tem sede aqui?	15
Ol√°!	3
Ol√°!	3
1 e o 10	16
1000!	16
N√£o tem ideia do quanto estou feliz por ter dado meu recado √† L√∫cia Helena! E ela retribu√≠do!üå∑‚ù§Ô∏è	14
O meu muito obrigado!	11
gostei saber	11
algum curso de metafisica	1
outra pergunta	4
ü•∫	5
Sei que tem em Rio Verde. Alguma coisa da Nova Acr√≥pole. Onde gosto muito do conte√∫do	8
Boa tarde	0
?	4
N√£o √© ead	16
como fa√ßo pra fazer o curso	6
Entendi	4
Obrigada	11
sabe o valor do curso?	6
por qto tempo??	15
Pode me encaminhar para alguem do Universitario por favor?	6
Certo	10
Agrade√ßo a aten√ß√£o	11
Ok	7
Obrigada	11
o que √© aula aberta?	6
vou abirr	2
Palmas	2
Ol√°!	3
Sou da Nova Acropole Universitario, estou fazendo um teste	8
Oi	3
Tinha visto um curso com a Prof L√∫cia Helena Galvao. Ainda est√° dispon√≠vel?	14
Sim	10
Muito obrigada!	11
Quero deixar aqui o meu carinho para a L√∫cia Helena Galv√£o. Ela est√° contribuindo muito √† minha transforma√ß√£o como ser humano.	14
Me fazendo entender sobre as muitas d√∫vidas que eu tinha desde minha adolesc√™ncia.	12
Terminando a pandemia, vou conhec√™-la pessoalmente em Bras√≠lia.	12
Ol√°!	3
Ol√°!	3
Boa tarde	0
Ol√°!	3
Mineiros Goi√°s	13
menu	18
Curso filosofia cl√°ssica de 5 meses on-line com L√∫cia Helena Galv√£o	14
Ol√°! Bom dia! Meu nome √© Erica	9
Curso on-line	6
Obrigada!	11
Obrigada	11
Muito grata pela informa√ß√£o	19
CuRitiba	13
vou ent√£o contactar aqui em Portugal	12
Ok obrigada	11
Por enquanto n√£o, √≥timo dia a voc√™	0
Ol√°! bom dia! gostaria de tirar uma d√∫vida sobre o curso de filosofia que come√ßa agora no final de maio no Lago Norte. Alguma aula ser√° com a professora L√∫cia Helena Galv√£o?	1
S√£o Mateus - ES	16
Marcella 	2
Rio de Janeiro	13
3 Botafogo	16
Bom dia!	0
Ol√°!	3
Ol√°! Bom dia, gostaria de saber quando ser√°  a pr√≥xima turma da sede de Botafogo RJ, para o curso de filosofia.	1
?	4
Ol√°!quando ser√£o abertas novas turmas para curso de filosofia?	1
Gostaria muito de fazer o curso, ela √© maravilhosa	6
Bom dia. Eu vivo em Arruda dos Vinhos, Portugal. Tenho seguido muito a Prof. L√∫cia	14
Ol√°!	3
Gostaria de saber sobre curso de como falar em p√∫blico.	6
vou aceder,	9
üå∫	5
Muito agradecida pela disponibilidade	19
j√° me ajudo muito. Vou contactar a acropole Portugal ent√£o para saber como posso fazer para mim	8
eu gosto muito e a minha filha mais velha tamb√©m de ouvirmos hist√≥rias antes de irmos dormir	12
vai ser maravilhoso para ela	16
Bom dia	0
Peru√≠be/SP	13
Ol√°! Bom dia	0
Eu sou m√£e de duas filhas...sinto que preciso de aprender tanto	12
que maravilha terem ferramentas	16
terem estas ferramentas	16
Arruda dos Vinhos, Portugal	16
para poder como m√£e contribuir tamb√©m para o crescimento, ao mesmo tempo que contribuo para o meu	19
Tenho seguido muito a Prof. L√∫cia no youtube	14
Gostaria muito de fazer o curso de filosofia √† maneira cl√°ssica de forma online, √© poss√≠vel?	1
Bom dia Ana!! Tudo bem?	0
Sou Josane, gostaria de saber sobre cursos presenciais  no 2‚Ä¢ semestre com a Prof Lucia Helena, por gentileza	14
Bem, obrigada	11
ok, percebo sim	19
crescimento delas, ao mesmo tempo que contribuo para o meu*	19
neste momento?	15
Macei√≥	2
Rio de Janeiro	13
Sim elas s√£o pequenas	16
üôèüåà	5
Uma tem quase 2 anos e a outra 6 anos	16
j√° me apercebi que tamb√©m t√™m programas para eles	19
acho fabuloso	16
Bem dita hora que comecei a seguir a prof L√∫cia	14
que maravilha	7
t√£o importante ouvir/contar os contos certos	16
Ol√°! Bom dia	0
Ol√°!	3
Ol√°!	3
..j√° optado , agrade√ßo..	19
Ol√°!Boa noite! Sou de Sorocaba (SP). Vcs est√£o com Cursos on LINE? Quais os valores, pf?	6
Agrade√ßo	11
Ol√°!	3
ok	7
Ol√°! Tudo bem Helena?	3
conhecer Nova Acr√≥pole, j√° instru√≠do por voc√™s, üí•üôèüëè	8
Ol√°! Vcs tem sede em Macei√≥/Al	15
Boa noite	0
Obrigada	11
Boa noite, ANA. Que pena!	0
No momento n√£o	10
Sim	10
Eu sigo a professora Helena.  Amo suas palestras. E ontem assisti a aula inaugural dela.	14
Gostaria de saber se consigo fazer as aulas com ela . Do curso dd filosofia.  Mesmo sendo di RS	1
Magn√≠fica!	2
Aqui em Porto Alegre vai ter in√≠cio em agosto.  Uma segunda parte.	19
N√£o consegui informa√ß√µes da primeira.  Se est√° em andamento. Como est√°.	19
Me chamo Rosa.	9
Boa noite Ana!	0
Ah!	7
E o curso? Quanto ter√°? Como consigo fazer?	6
Sim . Obrigada! Farei isso.	19
Ol√°!	3
Ol√°! Gostaria de saber sobre o workshop de Orat√≥ria da professora Eloiza Limeira.	14
Workshop Orat√≥ria.  Professora Eloiza Limeira.	14
Workshop de Orat√≥ria	16
Ol√°!	3
Acr√≥pole	2
Ol√°!	3
Nao	10
Quero. Ver os videos	12
Ol√°	3
Cidade natal	13
Natal	2
Estou sempre procurando,  n√£o e nada	19
Ol√°!	3
Ol√°!	3
gostaria de fazer o curso com a professora lucia helena	14
Muito bom	7
Obrigada com certeza vou assinar vou dar uma olhada	19
J√° me explicou tudo	19
Muito obrigada	11
Muito grata	11
Ol√°!	3
Sim	10
Aquele curso novo da √çndia ele ensina tamb√©m filosofia de vida igual a hist√≥ria de Hermes trismegisto ou √© apenas um conto	1
brasilia	13
Ol√°	3
Meu nome √© T√¢nia	9
A prof. Lucia n√£o tem cursos on-line	14
Como √© a vers√£o atualizada? Antes de entrar em contato, exclui o app e fiz uma nova instala√ß√£o.	19
Ol√°! Helena, tudo bem?	3
Gostaria de informa√ß√µes sobre o curso de t√©cnicas de estudo, com a professora L√∫cia Helena.  Grata.	14
Para me formar em filosofia	1
Muito obrigada	11
Nossa	4
Incr√≠vel	2
Sim	10
Sim	10
Muito obrigada	11
Vou dar uma pesquisada	12
Pela aten√ß√£o	2
Entendi	4
Isso	4
Sim eu vi ela comentou mesmo	19
Eu irei pesquisar na Acr√≥pole play	8
Tem o aplicativo	16
Sim	10
Mas no final do curso eu tenho algum comprovante	6
Birig√ºi	2
Que fiz o curso	6
Muito obrigada	11
N√£o entendo muito bem	16
Entendi	4
Mas me encantei com a professora	14
Obrigado j√° recebi ajuda	19
Oi	3
Ol√°! sou assinante do Acr√≥pole Play mais n√£o consigo assistir integralmente as publica√ß√µes porque o app √© p√©ssimo, tem outra alternativa?	8
Muito obrigado	11
Ok	7
N√£o, obrigada	10
Belo Horizonte	13
Quero falar com um dos volunt√°rios	12
Ol√°!	3
Eu gostaria de saber	12
Oi	3
oi	4
Ol√°!	3
Qual √© o dicion√°rio, ou em que material voc√™s usam para se aprofundar tanto n√≥s significados originais das palavras?	15
Vi uns v√≠deos d√° L√∫cia Helena	14
Eu te agrade√ßo	11
Se puder me ajudar Ana	9
E vi a profundidade das explos√µes das palavras e seus significados	16
üôãüèª‚Äç‚ôÇÔ∏è	5
S√≥ isso mesmo	10
Muito obrigado	11
Assim	4
Muito obrigada	11
1 muito satisfeito	16
Pra vc tbm!	16
√ìtimo! Acho q vou come√ßar por a√≠. Muito obrigada pela ajuda.	19
Entendo	4
Entendi. No Acr√≥pole Play tem cursos tbm?	6
Vale a pena? Pode cancelar a qq momento?	15
Rio de Janeiro	13
Obrigada.	11
Ainda posso entrar? Esse curso on line √© com L√∫cia Helena? Quanto custa?	14
Oi Simpl√≠cia. Obrigada! Estava s√≥ testando as funcionalidades. Sou volunt√°ria tamb√©m ‚ò∫Ô∏è	19
Mauric√©a	2
Era um teste. Obrigado	19
Obrigada! Pode encerrar üòâ	11
Grau de satisfa√ß√£o 5 üëèüèªüëèüèªüëèüèª	16
Mas eu gostaria de fazer o curso on line apenas e com L√∫cia Helena, n√£o pode?	14
Bom dia!	0
ABERTURA DE TURMA TERESINA	16
Qual o sentido da vida?	16
Ola Helena! 	9
Boa noite	0
Sentido vida	2
TERESINA	2
5üòä	16
Bras√≠lia	13
Ol√°!	3
Ol√°. Boa noite	0
Ol√°!	3
Lago Sul	13
Ol√°	3
Ol√°! Gostaria de ter informa√ß√µes sobre curso de Filosofia on line, por favor. Sei que m√≥dulo 1 j√° come√ßou... ainda √© poss√≠vel entrar? Gostaria de fazer com Ma Helena	1
Ol√°!	3
Ol√°  Boa noite	0
Programa√ß√£o  da  Ceil√¢ndia	16
Oi	3
Palmas	2
Ceil√¢ndia	2
Combinado, fico no aguardo.	12
üòéüëç	5
Cinco	2
An√°polis	2
Ol√°!	3
Oi Helena	3
boa noite	0
ol√°	3
Sou de Palmas	9
N√£o sou do Guar√°	9
Oi	3
Ol√°!	3
Ol√°!	3
Ol√°, Helena.	3
Oi	3
Ol√°! Teste	2
Boa noite	0
Ol√°! Helena, seguem minhas perguntas:	9
a) Quantas inicia√ß√µes teve Plat√£o?	15
b) Como ser√° a humanidade da 7¬™ cadeia?	15
c) Quanto tempo demora para o pr√≥ximo avatar vir?	15
Ol√°! Helena, seguem minhas perguntas:	9
a) Quantas inicia√ß√µes teve Plat√£o?	15
b) Como ser√° a humanidade da 7¬™ cadeia?	15
c) Quanto tempo demora para o pr√≥ximo avatar vir?	15
Boa tarde!	0
Voltar ao Menu	18
Ol√°	3
Menu inicial	18
Voltar	2
Ana, por favor encerra o atendimento para eu fazer o teste normal aquu	19
J√° identifiquei falha	19
Ol√°!	3
Ol√°!	3
Gostaria de saber se teriam turmas virtuais iniciando ...	6
Elena  a resposta sobre os mintos de cria√ß√£o  de outros povos	16
Sobre mintos	16
Sou de Uberaba- MG	9
N√£o porque eu queria saber o que sobre os mitos de cria√ß√£o de outros povos	12
Ol√°! Boa noite! Minha esposa e eu estamos interessados no curso de filosofia que vimos agora a chamada no Instagram. Existe turma on-line com a professora L√∫cia    Helena Galv√£o?	14
Ol√°!	3
Ol√°!	3
Oi	3
Sim. Gosto muito.	10
Mas gostaria de um dia fazer parte de um curso ministrado pela  professora L√∫cia. 	14
Acompanho as palestras dela, h√° anos. Tenho grande admiracao e profundo afeto por ela.	14
Gratid√£o üôèüèª	2
Sim. Vamos aguardar.  Muito grataüôèüèªüòÄüôèüèª	19
Logo fa√ßo contato sobre o curso aprendendo a estudar. ObrigadaüòÄ	6
Estou em S√£o Paulo.  J√° sou aluna de Nova Acr√≥pole,  estou no 2o ano do curso.	8
Ol√°! tudo bem? 	3
	4
Gostaria de informa√ß√µes sobre curso de filosofia na cidade de S√£o Paulo.	1
Boa noite, Ana,  muito grata por seu retorno.	0
Aproveitando a oportunidade, sobre o curso de filosofia a maneira cl√°ssica,  ele √© ministrado pela professora L√∫cia?	1
Muito obrigada!	11
Ol√°!	3
Ol√°	3
Natal	2
Boa noite	0
Boa noite	0
Sim, eu sei.	9
Boa noite, tudo bem?	0
Por gentileza, esse curso aprendendo a estudar tem o mesmo conte√∫do do curso  t√©cnicas de estudo ministrado pela pr√≥pria professora L√∫cia?	14
Grataüôèüèª	2
Voltar	2
Menu	18
Boa noite, tudo bem?	0
Por gentileza, esse curso aprendendo a estudar tem o mesmo conte√∫do do curso  t√©cnicas de estudo ministrado pela pr√≥pria professora L√∫cia?	14
Grataüôèüèª	2
oi	4
Bel√©m	13
Ol√°! Moro em Osasco - SP , gostaria de saber, qual a unidade da Nova Acr√≥pole mais perto para mim	8
	4
Obrigada!	11
Eu gostaria de ler o regulamento mas n√£o encontrei no site	12
Sim	10
Concurso de Contos	16
Obrigada üôèüèæ	11
Ol√°!	3
Concurso Nacional	2
Ol√°!	3
Eu gostaria de perguntar onde encontro o regulamento do concurso de contos.	12
Se vc tiver algum contato de algum brasileiro que more aqui em usa e que possa me passar informacoes sobre curso presencial	6
Ol√°! Boa tarde!	3
EsseüëÜüèª	2
Informa√ß√µes sobre o Concurso de Contos	12
oi	4
Obrigada!	11
Vou pesquisar cursos aqui perto de onde moro	6
Entendi, Obg pela explanation	16
fortaleza	2
Ol√°!	3
Quais cursos da professora Helena vc tem dispon√≠vel?	14
Ol√°! Passando pra demonstrar todo meu amor e carinho por esta iniciativa! Amooo a nova Acr√≥pole. Vcs s√£o demais!	8
Posso mandar um Audio?	15
oi	4
Informacoes curso on line	6
oi	4
5 muito satisfeito.....Parab√©ns Nova Acr√≥pole!  voc√™s s√£o  luz no caminho . Tenham uma semana iluminada e aben√ßoada!!üíì	8
oi	4
Ol√°!	3
üëçgrata	2
Ok	7
Sim √©  a Camila minha filha.	9
Ok	7
Obrigada!	11
Oi	3
Ok muito Obg!	7
Bom dia!	0
9 anos e 13 anos	16
2 meninos	16
Ok	7
DF Asa Sul	13
A tia deles faz curso com voc√™s   em Fortaleza.	6
Obrigado	11
Qual √© a contribui√ß√£o mensal?	15
Vou procurar	12
Entendi	4
Ol√°!	3
Bom dia.	0
Fazenda Nova, GO	2
Quero saber se h√° nova turma de estudos	8
Descobri a nova Acr√≥poles esses dias no YouTube. Gostaria de saber se voc√™s oferecem cursos online de filosofia	1
Bom dia	0
Pq moro no interior	16
Ol√°!	3
Quereria fazer na turma da Helena L√∫cia	14
Bom dia, Ana !	0
Conheci a Prof Lucia Helena atrav√©s do YouTube,e sou inscrita no canal a mais de ano ,mas s√≥ ontem percebi que na minha cidade tem uma sede....fiquei muito feliz em saber, pois  pretendo de me aprofundar nos estudos da nova acr√≥pole.	14
Mas eu coloquei ‚ÄúNatal‚Äù pra testar e n√£o deu certo ...	19
Obrigado!	11
Ok!!!	7
Oi Simplicia!	3
Ol√°	3
Ol√°!	3
Recife	13
*Falar com nossos volunt√°rios*	16
Ol√°!	3
Natal	2
Natal - Ponta Negra	2
Cursos	6
Ol√°!	3
Curso de filosofia online	1
A nova acr√≥poles oferece curso de filosofia on-line?	1
Ol√°!	3
Fazenda Nova, GO	2
Volta Redonda RJ	13
Ol√°!	3
Oi	3
Ol√°! Boa noite, gostaria de informa√ß√µes sobre o curso de filosofia no Rio de Janeiro.	1
Ol√°!	3
Ol√°!	3
Ol√°! Boa noite! Moro em Volta Redonda RJ. Tenho interesse na agenda de cursos on line, somente a noite ou fim de semana pois trabalho de dia. Obrigada Nilza	6
2, 9	16
Ol√°!	3
Obrigada!	11
Ol√°!	3
Ol√°!	3
Natal Ponta Negra	2
natal	2
s√£o jos√© dos campos	16
Falar com os volunt√°rios	16
Ol√°!	3
Livro	2
Curso de filosofia	1
Campina Grande	2
Ol√°!	3
Ol√°!	3
belem	2
Ol√°! Boa tarde!	3
Ol√°!	3
Obrigada!	11
Quero informa√ß√µes sobre curso para crian√ßa idade entre 9 e 14 anos em Fortaleza.	6
Curso crian√ßa	6
Em Fortaleza	13
Informa√ß√µes	2
Ok	7
ok	7
Ol√°! Gostaria de me inscrever no curso de filosofia em S√£o Paulo	1
S√£o Paulo	17
5_ n√£o sabia desse servi√ßo, assisto sempre a nova acr√≥pole. Estava a  procura de uma s√©rie de palestras, na qual assisti apenas a primeira.   Agora me esqueci o assunto, mas vou achar depois	8
Ol√°!	3
Ol√°!	3
Ol√°!	3
Ol√°!	3
Inclusive me volunt√°rio para propagar o trabalho da Nova Acr√≥pole por est√° regi√£o se for interesse da Escola. Depois, se desejar, envio meu Lattes.	8
Ah tranquilo üëç	7
Verdade por aqui n√£o tem nada perto.	16
Muito obrigado ‚ò∫Ô∏èüôè	11
Ol√°! Gostaria de saber se voc√™s est√£o abrindo turmas virtuais e valores	6
Campinas	13
Obrigado üôè	11
Ol√°!	3
Poderia me informar se h√° curso de filosofia nesta institui√ß√£o online?	1
Presidente Prudente, fica 450km de Ribeir√£o Preto	16
J√° assisti muitos cursos pelo YT, agora estou assistindo sobre o Caibalion, um verdadeiro complemento, pois leio esse livro desde 1992. Professora Helena √© fant√°stica!	14
Com certeza fareiüôè	12
Feliz dia das m√£es e grato mais uma vez üôè	19
üôè	5
Muito satisfeito 5	16
Ol√°!	3
Boa tarde Ana, grato por retornar!	0
Gostaria de saber se a Nova Acr√≥pole tem algum curso EAD.	8
Obrigada!	11
Gostaria de saber sobre o Workshop de Orat√≥ria.	12
Ol√°!	3
Ol√°!	3
Curso a dist√¢ncia	6
Curso ead	6
Ol√°!	3
Obrigado pelas informa√ß√µes üôè Morei em Bras√≠lia por 14 anos, mas por motivo de trabalho (sou professor/advogado) nunca pude frequentar o curso presencial. Agora aposentado voltei para minha cidade natal, no Estado de S√£o Paulo.	6
Vou pesquisar os links indicados.	12
Boa tarde.	0
Ol√°!	3
9 - Cursos com a Prof¬™ L√∫cia Helena	14
Ol√°!	3
Ol√°!	3
Ol√°! Tem curso de filosofia para crian√ßas em Curitiba?	1
Osasco	2
Ol√°.	3
Bom dia 	0
J√° sou aluna 	9
Queria s√≥ conhecer a Ana ‚ò∫Ô∏è	12
Ol√°!	3
Quero fazer um curso superior com vcs	6
Sim	10
Ol√°! boa tarde	3
Ol√°! Gostaria de saber sobre curso de filosofia para iniciantes	1
Ol√°!	3
Tem como vc me mandar sempre as palestras da professora L√∫cia Helena Galv√£o	14
gratid√£o	2
Obrigado	11
Endere√ßo  em Curitiba	13
Obrigado	11
Boa tarde  por Gentileza  qual endere√ßo  da mo√ßa cede de Curitiba obrigado.	12
Ok	7
N√≥s amamos Nova Acr√≥pole	8
Gostaria de sugerir para Prof L√∫cia Helena	14
Endere√ßo  de vcs em Curitiba Pr.	16
Ol√°! Gostaria de ajuda para me inscrever como aluno? üôè	6
Boa tarde	0
eu e que agrade√ßo	19
N√£o	10
Tramanda√≠ RS	13
a t√° certo vou pedir ajuda	19
Existe alguma palestra sobre Rene Descarte?	15
Boa tarde.	0
muito obrigado pela ajuda	11
pois tenho dificuldade pra usar o celular	19
Palestra Rene Descarte	16
adoro as palestras da professora L√∫cia Helena Galv√£o	14
Boa tarde!	0
boa tarde	0
ola	4
Sem problemas	10
Obrigada	11
Ol√°!! Bom dia ! Eu sempre assisto a professora Lucia Helena Galv√£o ! Sabe se ela da aula em Bras√≠lia ?	14
Ok	7
Obrigada	11
O que vc conseguiu aprende no ano 2020sobre filosofia	1
No aguardo	9
Ol√°!	3
Coachbeatrizcosta@gmail.com	16
O que filosofia	1
Ligo direto l√°??	15
Quero o reembolso desse valor	12
S√£o Paulo	17
Em alguma delas tem turma aberta??	15
Eu entendo, s√≥ tentei avisar que a informa√ß√£o pode ser melhor pelo site e mais direta por aqui	19
Beatriz Costa	2
Boa tarde, obrigada por enquanto	0
Conhe√ßo todo conte√∫do do YouTube e por isso vim buscar as informa√ß√µes das aulas online, conforme est√£o sendo ditas nas lives.	6
O significado da palavras reflex√£o	16
J√° estou em contato com meu cart√£o para saber sobre o estorno	12
Pois est√£o errados em agir assim	16
Por√©m muito Obrigada	11
O significado da palavras reflex√£o	16
O significado da palavras reflex√£o	16
Como podemos resolver?	15
Quero o reembolso do valor	12
Voc√™s renovaram minha assinatura sem minha permiss√£o	19
Ana, todas essas informa√ß√µes que me passou ja estavam dispon√≠veis nas respostas autom√°ticas do WhatsApp. 	19
	4
Nao entendi pq vc me mandou a lista de escolas para eu escolher a mais pr√≥xima e em seguida dar essa informa√ß√£o. 	6
	4
Talvez seja uma boa avisar assim que as pessoas responderem que s√£o de SP.	12
Sou Beatriz Costa	9
Ol√°	3
Sim, isso est√° escrito no site. 	10
Talvez falte l√° informa√ß√µes sobre esse per√≠odo de pandemia, onde ocorrem essas mudan√ßas.	12
Exato	2
N√£o esperava por isso	19
Ol√°!	3
Por favor	11
Estou no aguardo	9
N√£o recebi nenhum e-mail	19
N√£o autorizei	16
Em quantos dias voc√™ sabe?	15
Em alguma delas tem turma aberta??	15
Ol√°! Vcs tem afim curso on-line?	6
Bom dia, Ana	0
Gostaria de informa√ß√µes do curso de Filosofia online	1
Ola, Onde posso comprar?	15
Ol√°! Boa tarde	3
rio de janeiro	13
T√¥ sim	10
Ok. Vou procurar. Mais uma vez grata.	19
Sim	10
N√£o, pelo menos por enquanto. Tenha um excelente dia.	10
Ol√° segue mensagem	16
A informa√ß√£o vou dada via Google	19
A data era 17/5	16
Tudo bem . Emiti boleto banc√°rio mas n√£o foi pago	19
S√£o Lu√≠s	17
O curso oferecia 20 v√≠deos patavserem assistidos on-line	16
Ol√°! Bom Dia 	0
Fiz o pedido de um curso, e gostaria de pagar o boleto, mas n√£o estou conseguindo achar. Voc√™ poderia me ajudar por favor ?	6
oi	4
fortaleza	2
s√£o luis	2
Comprei um curso de forma√ß√£o pela Acr√≥pole. Ontem era a √∫ltima oportunidade de inscri√ß√£o com desconto. O curso iria disponibilizar 20 v√≠deos ap√≥s o pagamento gerando boleto banc√°rio. Este boleto foi gerado atrav√©s do Google. A data de vencimento era 17/5. Fiz toda opera√ß√£o por meio do celular. Depois descobri que n√£o havia impressora. N√£o existe op√ß√£o de pagar via cart√£o. Meu nome √© S√¥nia Maria Cunha Zied. Se n√£o for poss√≠vel tenho a possibilidade de enviar meus dados pelo e-mail Tuffiz@terra. com. br. E como fica a situa√ß√£o do boleto j√° gerado? Aguardo retorno.	8
Jaguaquara Bahia	13
Regi√£o Oeste pr√≥xima √† cidade de Mar√≠lia	13
Isso mesmo.	10
Ok obrigada. Continuo acompanhando as palestras da professora Lucia Helena via YouTube.	14
Bom dia Professora!	0
Quero receber informa√ß√µes sobre o curso de Filosofia	1
N√£o s√£o presenciais?	15
Preciso imprimir o boleto do curso	6
Ok	7
Por favor Ana, poderia passar informa√ß√£o sobre um curso cl√°ssico de filosofia	1
Tup√£, estadovde SP	17
Est√° caindo no secretaria eletr√¥nica, Yuri	16
Bom dia	0
Ol√°!	3
Ok	7
N√£o agradecida 	11
Super dia	0
Comprei um curso de forma√ß√£o pela Acr√≥pole. Ontem era a √∫ltima oportunidade de inscri√ß√£o com desconto. O curso iria disponibilizar 20 v√≠deos ap√≥s o pagamento gerando boleto banc√°rio. Este boleto foi gerado atrav√©s do Google. A data de vencimento era 17/5. Fiz toda opera√ß√£o por meio do celular. Depois descobri que n√£o havia impressora. N√£o existe op√ß√£o de pagar via cart√£o. Meu nome √© S√¥nia Maria Cunha Zied. Se n√£o for poss√≠vel tenho a possibilidade de enviar meus dados pelo e-mail Tuffiz@terra. com. br. E como fica a situa√ß√£o do boleto j√° gerado? Aguardo retorno.	8
Bom dia agradecida	0
Beleza, ligo pra voc√™ nesta manh√£	19
Ol√°!	3
Tabo√£o da Serra	2
Quero votar na prof Lucia Helena Galv√£o 	14
Para melhor influ√™nciadora	16
Como fa√ßo para comerca	15
Ol√° quero me informa sobre os curso de vcs me interessei muito	6
Ol√°!	3
Quero fazer um curso de projetos sociais	6
Ou Filosofia	1
Vou aguardar	12
S√£o Paulo	17
Boa noite....	0
Me chamo 	9
Soraya Hikichi	2
Sou F√£ da Prof 	9
Lucia Helena Galv√£o 	14
Como fa√ßo pra votar nela !	15
Pode me mandar o link	12
Agradecida	11
Ol√°!	3
S√£o Paulo	17
Obrigada	11
Ol√°!	3
. Curso de filosofia √† maneira cl√°ssica	1
Garanhuns	2
Ol√°	3
Ol√°!	3
Ol√°!boa noite	0
Oi√™	3
Sou eu hehe	9
Tava testando o chat	19
Cuiab√°	2
O curso de filosofia acontece somente de forma presencial?	1
Salvador	13
Boa noite	0
Gostaria de saber quando voc√™s v√£o oferecer curso de filosofia	1
Ol√°!	3
Ol√°	3
Ol√° boa noite.	0
Sim.	10
davilimasa@gmail.com	16
Ok.	7
Quanto que custa o curso de filosofia a maneira classica ?	1
Ol√°!	3
Ol√° tudo bem?	3
Ol√°!	3
Matr√≠culas Fortaleza	13
Matr√≠cula no curso de filosofia	1
Inscri√ß√£o no curso de filosofia	1
Ol√°!	3
Ok. No momento n√£o. Obg.	10
Ol√° Rafael.	3
Tudo bem.	7
Certo.	10
Isso para o unidade do gama n√©?	15
√â diplomado o curso?	6
Ol√°! Boa tarde	3
Fa√ßo ***	9
Legal. Como faxo?	15
Gostaria de fazer o curso de filosofia a maneira classica e saber como sao o cursos com a prof. Lucia helena	1
Ol√°! Sou Leonardo, assisto muito a palestras da nova Acr√≥pole, sou de Jo√£o Pessoa, gostaria de fazer um curso! Tem me ajudado muito, busco incessantemente retirar ang√∫stias, exist√™nciais sem motivo, sou m√©dico, tenho tr√™s filhos maravilhosos, netos e uma razo√°vel condi√ß√£o financeira, mas.... ????	8
ok, vou contactar a Sophia	9
achei q a helena fosse encaminhar o contato para a gente	14
ola muito obrigado estou muito satisfeito. vou assistindo sempre .	19
Ol√°! Boa tarde	3
5. Grato	2
Ol√°!	3
Gostaria de saber como faz para tornar-se membro da Nova Acropole ?	8
oi	4
Ok	7
estou s√≥ fazendo um teste aqui	19
oi ana, sou isabella da acr√≥pole de s√£o lu√≠s	9
obrigada	11
Assistir as palestras no Netflix	16
Ol√°!	3
Conhecer a nova acr√≥pole	8
Obrigada	11
Ol√°.	3
Ol√°! Gostaria de participar do pat√™ papo do segredo da flor de ouro	12
Vit√≥ria ES	13
Ol√°! Gostaria de participar do pat√™ papo do segredo da flor de ouro	12
Ol√°!	3
Boa tarde como fa√ßo para assistir suas palestras na Netflix	14
Ok. Obg	7
S√£o Paulo	17
E gostaria de comprar pe√ßas para revenda.	12
Ol√°	3
√ìtimo! 	7
Muito obrigada! 	11
Fico aguardando.	12
Vou entrar em contato sim!	12
Muito obrigada ü•∞	11
Ol√°, gostaria de saber se voc√™s possuem bazar?	15
Gostaria de saber se a Nova Acr√≥pole tem curso on line	8
Tenho um brech√≥	9
Ol√°!	3
üôåüèª	5
Estou acompanhando voc√™s j√° faz um tempo.	19
Fico muito agradecido por poder aprender com voc√™s.	19
Oi Ana	3
osasco	2
SP	17
Bom dia	0
Ok	7
Obrigada!	11
Mas vou ser volunt√°rio para ajudar aqui, quando abrir.	19
At√© tentei, mas nem o mito da caverna em ingl√™s deu para compreender. Meu ingl√™s n√£o √© t√£o bom ainda.	19
Ok, obrigada e tem algum curso da Profa. L√∫cia Helena aberto?	14
Bom dia.	0
Sim	10
Vou querer fazer parte do acropoleplay	12
Eles ajudam a limpar o canal. Mas j√° √© bem limpo, comparado com o Brasil.	16
Bom dia, eu gostaria de saber quando vai abrir nova turma do curso de filosofia?	1
obrigada	11
Bom dia, eu gostaria de saber quando vai abrir turma nova para o curso de filosofia?	1
Eu quero ser aluno, como fa√ßo?	6
N√£o tem como ser √† dist√¢ncia e fazer no Brasil?	15
Barueri	2
Ol√°! Helena	3
Ol√°!	3
osasco	2
Agrade√ßo e tenha em mente que quero muito bem voc√™s. Um abra√ßo.	19
Gostaria de saber sobre cursos em S√£o Paulo	6
Ol√°! N√£o estou conseguindo logar a plataforma no PC	19
Com certeza! Moro no interior do Rio e por aqui n√£o tem Nova Acr√≥pole, mas pretendo viajar para a sede mais pr√≥xima para poder estar com voc√™s presencialmente.	8
Kkkk que pena	16
Tudo bem, muito obrigado Ana!	0
Logar a plataforma no PC	16
Nova Acropole da Irlanda, onde eu moro hoje.	8
Lindo trabalho.	16
Para iniciar o curso.	6
Mas vou continuar meus estudos e em 2022 estarei a√≠ maos perto de voc√™s.	12
E o que voc√™ acha da filosofia?	1
Eu retorno ao Brasil em julho de 2022. Tem como eu entrar agora online e continuar depois na sede de S√£o Paulo?	15
Estava apenas fazendo um teste üòä	19
Oi Ana, bom dia, tudo bem? Obrigado por responder! Ontem resolvi dar uma olhada como seria conversar com a Helena, e quando selecionei a op√ß√£o 1 de um submenu ela apresentou dois comportamentos simult√¢neos: ela falou sobre o projeto social Crian√ßa para o Bem (que foi realmente minha inten√ß√£o), mas tamb√©m interpretou o 1 como o comando para chamar algum dos volunt√°rios. Mas vou aproveitar essa oportunidade para agradecer o trabalho que todos voc√™s t√™m feito na Nova Acr√≥pole, muito obrigado mesmo, as palestras t√™m me dado uma vis√£o de mundo muito mais rica e feliz, compartilho com todos os meus amigos. Por favor, continuem fazendo esse √≥timo trabalho!	19
Oii, bom dia üòä	0
Cuiaba	2
https://www.youtube.com/watch?v=tVj5aNbE0ic	16
A FALSA ABOLI√á√ÉO DA ESCRAVATURA	16
Bom dia. √â muito bom ter voc√™s presentes. Obrigado. Renato.	0
Oi	3
Goi√¢nia	13
Rio Grande, RSüòû	13
Ol√°!	3
Bom dia.	0
 Apenas um teste.	16
Parab√©ns pela inova√ß√£o do servi√ßo!	19
Ol√°!	3
Ol√°	3
Ol√°!	3
Ol√°! Gostaria de saber se a Nova Acr√≥pole oferece o curso de filosofia √† dist√¢ncia	1
Ol√°	3
Goi√¢nia	13
Boa noite	0
Como assistir a pe√ßa?	15
Ol√°!	3
Existe filial da organiza√ß√£o em Porto Seguro - BA ?	15
Ol√°	3
A pe√ßa de Helena Blavatsky	14
N√∫mero 1	16
Gostaria de saber se a nova acropole tem curso virtual	8
Oi	3
Oi Helena, tudo bem?	3
Bom noite Volunt√°rios Team	16
	4
Fiz uma observa√ß√£o sobre  erro de portugu√™s, no √∫ltimo par√°grafo do story da foto e pensei que seria atendido por algu√©m humano.	12
Portanto, pe√ßo o grande favor de que avisem o respons√°vel pelo texto.	12
Gracias	11
Abra√ßos	4
Namast√™ Geral	2
Boa noite	0
Oi Helena, tudo bem?	3
Tribunal Regional Federal da 3¬™ Regi√£o: Quando eu VER ou Quando eu VIR? https://www.trf3.jus.br/emag/emagconecta/conexaoemag-lingua-portuguesa/quando-eu-ver-ou-quando-eu-vir/	15
Obrigado!	11
Oi	3
Aleluia ANA, agrade√ßo a aten√ß√£o.	19
Namast√™ Geral	2
	4
FUMOS	2
Ol√°! Ol√°	3
Boa noite!	0
E sempre que  V I R  algo que considera errado....	16
Boa noite	0
Obrigada	11
Rio grande do sul	13
E vc?	9
Estou bem	7
Boa tarde	0
Tranquilo	2
Ok	7
Nao	10
üëç	5
O Zap que mandei o comprovante de pagamento, a Senhora conseguiu passar o link era 20:45, a√≠ n√£o quiz assistir	19
Consigo assistir ainda?	15
Ol√°! Gostaria de saber se os cursos de filosofia cl√°ssica s√£o oferecidos apenas em forma presencial?	1
Igrejinha	2
üëç	5
Ser√° online?	15
Qual o melhor telefone para falar com a Nova Acropole?	8
Curso de filosofia cl√°ssica	1
Maravilhoso ATENDIMENTO	16
Obrigada	11
Taquara	2
Novo hamburgo	13
Novo hamburgo	13
Sim, na zona oeste da capital de S√£o Paulo existe algum n√∫cleo da Nova Acr√≥pole?	8
.	4
Boa tarde!	0
Sobre a Live da professora L√∫cia Helena sobre o livro como superar os limites internos ? Como posso assistir?	14
Brasilia	13
Curso de orat√≥ria	6
Ol√°	3
2 (eu j√° fiz o curso, queria saber como adquirir novamente o material)	6
Ol√°! Gostaria de me inscrever no curso de orat√≥ria	6
Boa tardeü§ù	0
Como fa√ßo pra ter acesso √† live que falou do livro como superar os limites internos?	15
Inscri√ß√£o curso de orat√≥ria	6
Ent√£o!	7
Ol√°! Boa tarde	3
Certo. Obrigada	10
Ol√°! Boa tarde	3
Ol√°!	3
Oi	3
üñïüñïüñïüñï	5
Burra	2
Boa tarde.	0
Ol√° Ana	3
Comecei a estudar algumas coisas de filosofia e encontrei os conte√∫dos de L√∫cia Helena.	14
Lordinho Vinte nove contalinho.	16
üôèüèæ	5
Muito obrigado.	11
Boa tarde Ana	0
Sim, no Gama.	10
O que exatamente seria essa escola?	6
Como fa√ßo para fazer parte?	15
Gostaria de saber se tem material com tema sobre casamento.	12
Rio Grande	13
5 Ana, bastante eficiente pra mim.	9
Vcs tem sala da Nova Acr√≥pole em Jacarepagu√° Rio de Janeiro	8
Ol√°!	3
No momento n√£o. Espero eu estar em breve ajudando tamb√©m.	19
Moro em Valparaiso. Aqui no entorno.	9
Ainda n√£o.	10
Maravilha	2
Posso fazer em casal?	15
Quanto custa?	15
Me d√™ os detalhes que fiquei interessado.	12
Obrigado	11
Ok. Aguardo.	7
Que qualquer forma, gratid√£o pela aten√ß√£o.	16
Tenha um excelente dia!	0
J√° acompanho,  e amo profundamente.  Amo vivenciar a filosofia.	1
Oi	3
Muito obrigada, viu	11
Esclarecimento	2
N√£o canso de ASSISTIRüëèüëè	16
Rejei√ß√£o	2
BOA TARDE	7
Ibi√∫na	2
Ok	7
Onde h√° Nova Acr√≥pole em SP?	8
Ser√° uma hora. Um grande privil√©gio.üôè	19
Comprovante.png	2
Eu quero muito poder fazer esse curso	6
Eu fui rejeitado na institui√ß√£o nova acr√≥pole, por morar em outra cidade e n√£o poder estar presente em todas as aulas	8
Nas segundas feiras	16
Existe ele em EAD?	15
Pq na minha cidade n√£o tem nova acr√≥pole	8
sim. como me conectar √° plataforma para participar das aulas online?	6
Oi Helena	3
Ol√°	3
Olaa	3
Boa tarde.	0
	4
Moro no interior de Goi√°s e gostaria de saber como posso estudar na escola Nova Acropole?	8
Ol√°! Em Sampa qual endere√ßo disponivel	15
Voc√™s s√£o Incr√≠veis üôèüòòüíô‚ö°üíé	16
üò¢ n√£o.	10
Menu	18
Oi Lorena	3
Ol√°! Gostaria de saber se voc√™s t√™m curso online	6
Natal Ponta Negra	2
Ponta Negra	2
obg	4
A nova acr√≥pole mais perto, fica a 120 km	8
Patos	2
Cajazeiras	2
Oi	3
Ol√°!	3
N√£o obrigado	10
Mas a assistente virtual n√£o consegue reconhecer/entender cidades que n√£o tem a escola.	16
N√£o. Grato!	10
Oi, Ana, obrigada! Tirei minhas d√∫vidas j√°. Eu sou da Nova Acr√≥pole Ponta Negra e estava testando outras cidades.	8
Gostaria de encontrar as filias de Natal RN	12
Quero fazer os cursos tamb√©m	6
E como fa√ßo pra ser volunt√°rio?	15
Entendi	4
Teste*	2
A sociologia em nosso cotidiano	16
Sociologia	16
Sociologia em nosso cotidiano	16
oi	4
Joia, minha querida	9
ta bom. somente queria aprender dessa filosofia. sempre assisto os vossos v√≠dios no yutub .	1
Ponta negra	2
Essa mensagem n√£o chegou pra mim. Talvez n√£o reconhe√ßa cidades menores, n√£o sei.	19
Isso, eu segui exatamente.	19
Gostaria de saber sobre a abertura de nova turma e sobre quais palestras abertas  ao p√∫blico em geral temos pra maio.	6
Oi	3
Ol√°!	3
Bel√©m	13
Uhuuul, deu certo!	7
Boa tarde[	0
vcs tem no momento?	15
Treinamento em orat√≥ria em bel√©m	16
üëçüèæ	5
Curso de Orat√≥ria	6
ITAPEMA	2
Hist√≥ria do pensamento soci√≥logo	16
Ol√°!	3
Orat√≥ria	2
Natal	2
Par√°	13
qual √© custo se for assinar?	15
Grato Ana, ajudou o necess√°rio.	19
Grato pelas repostas. Bom dia!	0
Tudo bem!	7
Ol√°!	3
Gostaria de ter informa√ß√µes sobre a filial de Natal	12
Sobre?	4
Acompanho o trabalho da L√∫cia no YouTube	14
Ol√°!	3
Amei	2
J√° a?	10
Tenho perguntas sobre a Nova Acropole em S√£o Francisco Xavier	8
Era a live sobre a reedi√ß√£o do livro	16
Oi Ana. Bom dia	0
Quais atividades e cursos acontecem l√°?	6
Ol√°!	3
Gostaria de saber se vcs possuem algum curso na modalidade a dist√¢ncia.	6
On line	2
Obrigado	11
Curso on line	6
EAD	2
Como funciona os projetos sociais? Quero fazer os cursos tamb√©m	6
Bom dia!	0
Sou de palmas	9
Vi que o n√∫mero √© de Bras√≠lia	16
Isso	4
Ol√°!	3
Nada de isso	16
Menu	18
Gratid√£o üôèüèª	2
J√° acompanho voc√™s no Instagram	19
Ol√°! Helena. Meu nome √© Ricardo	9
Obrigado pelas informa√ß√µes Ana üôèüèªüòÑ	19
Lucia vem fazer alguma palestra por aqui?	14
Ol√°!	3
Natal	2
Parnamirim	2
Bom dia Ana	0
Como vai?	7
Gostaria de saber se o curso de filosofia	1
Que legal!	7
Ol√°!	3
1 muito satisfeito!	16
Possui a modalidade EAD	16
Ol√°! Bom dia!	0
Ou algum outro	16
Ol√°!	3
Bras√≠lia	13
Ah sim! Tranquilo! Vou fazer minha inscri√ß√£o	19
Sim. Sou de S√£o Paulo, mas tenho uma casa bem pr√≥xima √† localiza√ß√£o da Nova Acropole l√°, no Santa B√°rbara. Sou formado em Hist√≥ria pela UFRJ e tamb√©m sou m√∫sico de n√≠vel profissional e astr√≥logos (me considero um eterno aprendiz e amador - de amor - em todas estas √°reas)	9
Obrigado üôèüèª	11
√â poss√≠vel visitar o local?	15
Entendi	4
Mas em SFX, para quem j√° tem uma forma√ß√£o em Hist√≥ria, n√£o h√° nada dispon√≠vel?	15
Obrigada	11
Conversas para quem gosta de educar	16
Ol√°!	3
Est√° √≥timo no momento.	7
Gratid√£o üôèüôåüèºüåπ	2
Ol√°	3
Releva ou revela ateus, ali...	16
Fiz o primeiro m√≥dulo na primeira turma em Joinville... Gostei bastante, ainda tenho o material e algumas revistas Esfinge...	6
Ol√°!	3
Nova Venecia, Espirito Santo.	16
Fiz um pouco de filosofia na universidade cat√≥lica, sou apaixonada, mas n√£o pude continuar	1
Ol√°!	3
E como fa√ßo?	15
Belo Horizonte	13
Mas pensei que estivessem fechadas	19
Gratid√£o ent√£o, entrarei em contato nos links que me mandou	19
Ol√°!	3
Eu gostaria muito de participar dos volunt√°rios da Nova Acr√≥pole e tamb√©m de participar dos cursos da L√∫cia Helena.	14
Oi Kelly, pode fechar os atendimentos pra n√£o ficar a√≠ na lista	19
Brasilia	13
Ol√°! Boa noite! Sou o Moises Mota e gostaria de contactar a Profa. Lucia Helena para convid√°-la a fazer uma palestra na Secretaria Municipal de Educa√ß√£o	14
de Conselheiro Lafaiete - MG de maneira virtual	16
Boa noite	0
N√£o consigo entrar no link	19
Ol√°!	3
Alagoas	2
Macei√≥	2
Menu	18
era isso que precisava. obrigado.	19
Ol√°!	3
Obrigado Ana. Farei isso	11
Ol√°!	3
Ol√°! Amo filosofia, amo a L√∫cia Helena e gostaria muito de me tornar uma volunt√°ria da Nova Acr√≥pole. Como fa√ßo?	8
N√£o consigo falar na empresa do lago norte	12
Gostaria do contador de Cleidiane	12
Ou fatima	2
E Camila braspress	16
oi	4
Meu nome √© SErgio, sou de Limeira SP, gostaria de saber se posso fazer o curso de filosofia remoto	1
ü§ó	5
Ol√°	3
Ok! Ela que e respons√°vel por log√≠stica n√©	19
Obrigada	11
ok, obrigado	11
aqui n√£o tem sede da nova acropole	8
Ok obrigada	11
üëçüèΩüåπ	5
boa noite. o que √© preciso para fazer o curso de filosofia na Nova Acr√≥pole?	1
ok	7
menu	18
Nao	10
Por enquanto somente	16
Obrigada	11
Ol√° boa tarde	0
Tudo bem	7
Boa tarde,,	0
oi	4
N√£o amiga	10
menu	18
Ol√°!	3
Parab√©ns por essa iniciativa	19
Admiro	2
E pela equipe Acr√≥pole	8
Ol√°! Boa tarde	3
Ol√°! Helena, era associada da nova acropole mas tive um problema no cart√£so. como fa√ßo para regularizar?	8
menu	18
Oi Simplicia! Ok, muit√≠ssimo obrigado! Fique bem, sempre bem! üòäüôèüèª‚ù§Ô∏èüìø	0
menu	18
N√£o. Obrigada.ü§ùüèΩ	10
Agir√° vai voltar com psiquiatra outra vez.	16
Sou de recife	9
Queria saber informa√ß√µes acerca de cursos	6
Ol√°!	3
Me deixa em paz	9
Ok	7
Entendi.üòî	7
Sim sim sim 	10
Obrigada	11
oi	4
Menu	18
S√≥ isso	10
Ol√°!	3
Observando os cursos de voc√™s ainda n√£o me decidi ok	6
Boa tarde 	0
Dessas a Oeste	13
Oi Simpl√≠cia ,	9
	4
Sou Sofia	9
Obrigada	11
Obrigada	11
Algo tipo o 14 em forma de cursos	6
menu	18
Ol√°!	3
Ol√°! Gostaria de saber como posso adquirir o Curso de Filosofia √† Maneira Cl√°ssica, caso seja poss√≠vel de forma online, j√° que sou de Porto Alegre, RS, e acredito que a sede daqui esteja fechada ainda. Desde j√°, agrade√ßo! üôè	1
Ultimamente minha irm√£ est√° passando por esses problemas...precisamos de ajuda.ü•∫	19
Venho	2
Vejo de uma fam√≠lia qye sofre com problema de nervoso, ansiedade, depress√£o...coisas desse tipo.	12
Obrigado	11
Entendo.	7
J√° foi com psic√≥logo, com terapeuta Olistico, com psiquiatra e s√≥ piora.	19
Ol√°!	3
Quero fazer um resumo de a origem da filosofia	1
Queria saber sobre a possibilidade  de fazer uma aula de 2 h com a professora Lucia Helena	14
Ok. Obrigado. Sou acad√™mico de filosofia. Faria o curso se fosse on-line.	1
As sendo presencial √© dificil..	6
N√£o!! Muito obrigada de cora√ß√£o	10
N√£o obrigado	10
Ol√°!	3
Obrigado	11
Posso te ligar??	15
üôèüèº	5
Me responderam o email. Eu queria ser volunt√°rio. Mas falaram que n√£o tem como devido minha cidade.	12
S√≥ isso mesmo.	10
üòÉ	5
√ìbvio!!!	10
Posso mandar um √°udio?	15
Ol√°!	3
Sim	10
√ìtimo!!! Seria perfeito	7
Oii! Gostaria de saber como funciona o curso de filosofia	1
Oi Aline, Kelly, s√≥ testando pra voc√™s verem como ser√° quando tivermos chamados	19
Ol√° Ana 	3
Eu estou a procura de mat√©ria que fala sobre a evolu√ß√£o e hist√≥ria da √©tica na medicina	12
E como fazer esse curso?	6
Foi enviado a resposta	19
E agora?	15
N√£o conhe√ßo. Mas quero conhecer muito	12
Esse curso tem h√° ver com  a palestra de hoje?	6
Bom dia	0
Quero participar da comunidade	12
Gostaria muito	12
Ok	7
como participar o curso de filosofia via online ?	1
obrigado!	11
Como?	15
Quero que fale da evolu√ß√£o e hist√≥ria da √©tica na medicina	12
Ol√°!	3
O curso de filosofia tamb√©m est√° dispon√≠vel na modalidade online ?	1
Obrigado !	11
Valor do curso em Blumenau SC	6
Ol√°!	3
Ol√°!boa tarde	0
Estou iniciando agora	9
As aulas ser√£o 1x semana?	6
Caso eu n√£o consiga assistir no dia, fica em uma plataforma?	15
ok obrigado pois aguardo com tanta alegria.	19
Isso	4
Ol√°	3
e como participar ?	15
Fortaleza	13
Certo	10
Qual o n√∫mero do Pix?	15
A quest√£o √© que toda segunda tenho atividade as 20:20 at√© 21h	19
üòç	5
Pensei que fosse segunda üôÑ	16
J√° passou do dia 10, tenho que pagar 90,00?	15
Ol√°!	3
Ok	7
Vou fazer e envio	19
Eu que agrade√ßo	11
Vou fazer a inscri√ß√£o ent√£o	19
Aguardo	2
Ol√°!	3
Ok	7
E os outros 80,00?	15
Obrigada	11
Ok	7
Consegui	19
Celular	2
Maputo Mo√ßambique √ÅFrica	13
Ol√°!	3
Boa tarde	0
E o boleto?	15
N√£o consigo anexar a foto	19
Fala pra tentar novamente	16
Qual a dura√ß√£o do curso?	6
E ser√° quantas parcelas de 80,00?	15
Ent√£o ser√° 5 ou 6 parcelas de 80,00?	15
Falar da evolu√ß√£o e hist√≥ria da √©tica na medicina	16
Obrigada	11
Bom dia	0
Bras√≠lia	13
Taguatinga	2
Ol√°!	3
Ol√°!	3
N√£o	10
A origem da filosofia	1
Ol√°!	3
Ol√°!	3
Bom dia	0
Ol√°!	3
Oi! √â a Plicia testando	9
Ana	2
oi	4
Oi	3
Bras√≠lia	13
fortaleza	2
Ol√°	3
oi	4
oi	4
oi	4
oi	4
.	4
z	4
oi	4
teste	2
oi	4
Ol√°!	3
PE	2
Menu	18
Rio Grande do Norte	13
Ol√°!	3
Pernambuco	13
Recife	13